LocationDesc,Class,Stratification2,Data_Value,state,id,abbr
Alabama,Caregiving,Asian/Pacific Islander,,Alabama,1.0,AL
Alabama,Caregiving,"Black, non-Hispanic",34.6,Alabama,1.0,AL
Alabama,Caregiving,Hispanic,,Alabama,1.0,AL
Alabama,Caregiving,Native Am/Alaskan Native,,Alabama,1.0,AL
Alabama,Caregiving,"White, non-Hispanic",36.96666666666667,Alabama,1.0,AL
Alabama,Cognitive Decline,Asian/Pacific Islander,,Alabama,1.0,AL
Alabama,Cognitive Decline,"Black, non-Hispanic",36.958333333333336,Alabama,1.0,AL
Alabama,Cognitive Decline,Hispanic,,Alabama,1.0,AL
Alabama,Cognitive Decline,Native Am/Alaskan Native,,Alabama,1.0,AL
Alabama,Cognitive Decline,"White, non-Hispanic",34.86666666666667,Alabama,1.0,AL
Alabama,Mental Health,Asian/Pacific Islander,,Alabama,1.0,AL
Alabama,Mental Health,"Black, non-Hispanic",13.5,Alabama,1.0,AL
Alabama,Mental Health,Hispanic,,Alabama,1.0,AL
Alabama,Mental Health,Native Am/Alaskan Native,,Alabama,1.0,AL
Alabama,Mental Health,"White, non-Hispanic",19.650000000000002,Alabama,1.0,AL
Alabama,Smoking and Alcohol Use,Asian/Pacific Islander,,Alabama,1.0,AL
Alabama,Smoking and Alcohol Use,"Black, non-Hispanic",9.5,Alabama,1.0,AL
Alabama,Smoking and Alcohol Use,Hispanic,,Alabama,1.0,AL
Alabama,Smoking and Alcohol Use,Native Am/Alaskan Native,,Alabama,1.0,AL
Alabama,Smoking and Alcohol Use,"White, non-Hispanic",10.216666666666667,Alabama,1.0,AL
Alaska,Caregiving,Asian/Pacific Islander,,Alaska,2.0,AK
Alaska,Caregiving,"Black, non-Hispanic",,Alaska,2.0,AK
Alaska,Caregiving,Hispanic,35.5,Alaska,2.0,AK
Alaska,Caregiving,Native Am/Alaskan Native,32.511111111111106,Alaska,2.0,AK
Alaska,Caregiving,"White, non-Hispanic",33.52,Alaska,2.0,AK
Alaska,Cognitive Decline,Asian/Pacific Islander,,Alaska,2.0,AK
Alaska,Cognitive Decline,"Black, non-Hispanic",,Alaska,2.0,AK
Alaska,Cognitive Decline,Hispanic,,Alaska,2.0,AK
Alaska,Cognitive Decline,Native Am/Alaskan Native,,Alaska,2.0,AK
Alaska,Cognitive Decline,"White, non-Hispanic",20.685714285714287,Alaska,2.0,AK
Alaska,Mental Health,Asian/Pacific Islander,,Alaska,2.0,AK
Alaska,Mental Health,"Black, non-Hispanic",,Alaska,2.0,AK
Alaska,Mental Health,Hispanic,21.9,Alaska,2.0,AK
Alaska,Mental Health,Native Am/Alaskan Native,12.333333333333334,Alaska,2.0,AK
Alaska,Mental Health,"White, non-Hispanic",12.333333333333334,Alaska,2.0,AK
Alaska,Smoking and Alcohol Use,Asian/Pacific Islander,,Alaska,2.0,AK
Alaska,Smoking and Alcohol Use,"Black, non-Hispanic",27.1,Alaska,2.0,AK
Alaska,Smoking and Alcohol Use,Hispanic,,Alaska,2.0,AK
Alaska,Smoking and Alcohol Use,Native Am/Alaskan Native,20.46,Alaska,2.0,AK
Alaska,Smoking and Alcohol Use,"White, non-Hispanic",11.816666666666668,Alaska,2.0,AK
Arizona,Caregiving,Asian/Pacific Islander,,Arizona,4.0,AZ
Arizona,Caregiving,"Black, non-Hispanic",,Arizona,4.0,AZ
Arizona,Caregiving,Hispanic,26.599999999999998,Arizona,4.0,AZ
Arizona,Caregiving,Native Am/Alaskan Native,21.75,Arizona,4.0,AZ
Arizona,Caregiving,"White, non-Hispanic",36.2,Arizona,4.0,AZ
Arizona,Cognitive Decline,Asian/Pacific Islander,,Arizona,4.0,AZ
Arizona,Cognitive Decline,"Black, non-Hispanic",,Arizona,4.0,AZ
Arizona,Cognitive Decline,Hispanic,24.619999999999997,Arizona,4.0,AZ
Arizona,Cognitive Decline,Native Am/Alaskan Native,,Arizona,4.0,AZ
Arizona,Cognitive Decline,"White, non-Hispanic",27.041666666666668,Arizona,4.0,AZ
Arizona,Mental Health,Asian/Pacific Islander,,Arizona,4.0,AZ
Arizona,Mental Health,"Black, non-Hispanic",20.575,Arizona,4.0,AZ
Arizona,Mental Health,Hispanic,14.383333333333333,Arizona,4.0,AZ
Arizona,Mental Health,Native Am/Alaskan Native,16.049999999999997,Arizona,4.0,AZ
Arizona,Mental Health,"White, non-Hispanic",15.016666666666667,Arizona,4.0,AZ
Arizona,Smoking and Alcohol Use,Asian/Pacific Islander,,Arizona,4.0,AZ
Arizona,Smoking and Alcohol Use,"Black, non-Hispanic",,Arizona,4.0,AZ
Arizona,Smoking and Alcohol Use,Hispanic,12.540000000000001,Arizona,4.0,AZ
Arizona,Smoking and Alcohol Use,Native Am/Alaskan Native,,Arizona,4.0,AZ
Arizona,Smoking and Alcohol Use,"White, non-Hispanic",10.4,Arizona,4.0,AZ
Arkansas,Caregiving,Asian/Pacific Islander,,Arkansas,5.0,AR
Arkansas,Caregiving,"Black, non-Hispanic",27.955555555555556,Arkansas,5.0,AR
Arkansas,Caregiving,Hispanic,,Arkansas,5.0,AR
Arkansas,Caregiving,Native Am/Alaskan Native,,Arkansas,5.0,AR
Arkansas,Caregiving,"White, non-Hispanic",35.45333333333334,Arkansas,5.0,AR
Arkansas,Cognitive Decline,Asian/Pacific Islander,,Arkansas,5.0,AR
Arkansas,Cognitive Decline,"Black, non-Hispanic",12.766666666666666,Arkansas,5.0,AR
Arkansas,Cognitive Decline,Hispanic,,Arkansas,5.0,AR
Arkansas,Cognitive Decline,Native Am/Alaskan Native,,Arkansas,5.0,AR
Arkansas,Cognitive Decline,"White, non-Hispanic",34.93333333333333,Arkansas,5.0,AR
Arkansas,Mental Health,Asian/Pacific Islander,,Arkansas,5.0,AR
Arkansas,Mental Health,"Black, non-Hispanic",17.366666666666667,Arkansas,5.0,AR
Arkansas,Mental Health,Hispanic,,Arkansas,5.0,AR
Arkansas,Mental Health,Native Am/Alaskan Native,34.7,Arkansas,5.0,AR
Arkansas,Mental Health,"White, non-Hispanic",18.25,Arkansas,5.0,AR
Arkansas,Smoking and Alcohol Use,Asian/Pacific Islander,,Arkansas,5.0,AR
Arkansas,Smoking and Alcohol Use,"Black, non-Hispanic",15.86,Arkansas,5.0,AR
Arkansas,Smoking and Alcohol Use,Hispanic,,Arkansas,5.0,AR
Arkansas,Smoking and Alcohol Use,Native Am/Alaskan Native,21.0,Arkansas,5.0,AR
Arkansas,Smoking and Alcohol Use,"White, non-Hispanic",12.016666666666666,Arkansas,5.0,AR
California,Caregiving,Asian/Pacific Islander,23.3,California,6.0,CA
California,Caregiving,"Black, non-Hispanic",27.2,California,6.0,CA
California,Caregiving,Hispanic,29.45555555555556,California,6.0,CA
California,Caregiving,Native Am/Alaskan Native,,California,6.0,CA
California,Caregiving,"White, non-Hispanic",33.50666666666667,California,6.0,CA
California,Cognitive Decline,Asian/Pacific Islander,,California,6.0,CA
California,Cognitive Decline,"Black, non-Hispanic",18.6,California,6.0,CA
California,Cognitive Decline,Hispanic,9.633333333333333,California,6.0,CA
California,Cognitive Decline,Native Am/Alaskan Native,,California,6.0,CA
California,Cognitive Decline,"White, non-Hispanic",23.766666666666666,California,6.0,CA
California,Mental Health,Asian/Pacific Islander,7.05,California,6.0,CA
California,Mental Health,"Black, non-Hispanic",17.716666666666665,California,6.0,CA
California,Mental Health,Hispanic,12.283333333333333,California,6.0,CA
California,Mental Health,Native Am/Alaskan Native,,California,6.0,CA
California,Mental Health,"White, non-Hispanic",15.9,California,6.0,CA
California,Smoking and Alcohol Use,Asian/Pacific Islander,8.7,California,6.0,CA
California,Smoking and Alcohol Use,"Black, non-Hispanic",15.0,California,6.0,CA
California,Smoking and Alcohol Use,Hispanic,10.919999999999998,California,6.0,CA
California,Smoking and Alcohol Use,Native Am/Alaskan Native,,California,6.0,CA
California,Smoking and Alcohol Use,"White, non-Hispanic",10.316666666666666,California,6.0,CA
Colorado,Caregiving,Asian/Pacific Islander,,Colorado,8.0,CO
Colorado,Caregiving,"Black, non-Hispanic",30.7,Colorado,8.0,CO
Colorado,Caregiving,Hispanic,14.65,Colorado,8.0,CO
Colorado,Caregiving,Native Am/Alaskan Native,,Colorado,8.0,CO
Colorado,Caregiving,"White, non-Hispanic",33.166666666666664,Colorado,8.0,CO
Colorado,Cognitive Decline,Asian/Pacific Islander,,Colorado,8.0,CO
Colorado,Cognitive Decline,"Black, non-Hispanic",16.2,Colorado,8.0,CO
Colorado,Cognitive Decline,Hispanic,14.6,Colorado,8.0,CO
Colorado,Cognitive Decline,Native Am/Alaskan Native,,Colorado,8.0,CO
Colorado,Cognitive Decline,"White, non-Hispanic",29.316666666666666,Colorado,8.0,CO
Colorado,Mental Health,Asian/Pacific Islander,,Colorado,8.0,CO
Colorado,Mental Health,"Black, non-Hispanic",16.03333333333333,Colorado,8.0,CO
Colorado,Mental Health,Hispanic,15.700000000000001,Colorado,8.0,CO
Colorado,Mental Health,Native Am/Alaskan Native,,Colorado,8.0,CO
Colorado,Mental Health,"White, non-Hispanic",12.9,Colorado,8.0,CO
Colorado,Smoking and Alcohol Use,Asian/Pacific Islander,,Colorado,8.0,CO
Colorado,Smoking and Alcohol Use,"Black, non-Hispanic",20.55,Colorado,8.0,CO
Colorado,Smoking and Alcohol Use,Hispanic,11.74,Colorado,8.0,CO
Colorado,Smoking and Alcohol Use,Native Am/Alaskan Native,,Colorado,8.0,CO
Colorado,Smoking and Alcohol Use,"White, non-Hispanic",9.366666666666665,Colorado,8.0,CO
Connecticut,Caregiving,Asian/Pacific Islander,,Connecticut,9.0,CT
Connecticut,Caregiving,"Black, non-Hispanic",27.814285714285713,Connecticut,9.0,CT
Connecticut,Caregiving,Hispanic,33.14,Connecticut,9.0,CT
Connecticut,Caregiving,Native Am/Alaskan Native,,Connecticut,9.0,CT
Connecticut,Caregiving,"White, non-Hispanic",36.480000000000004,Connecticut,9.0,CT
Connecticut,Cognitive Decline,Asian/Pacific Islander,,Connecticut,9.0,CT
Connecticut,Cognitive Decline,"Black, non-Hispanic",10.9,Connecticut,9.0,CT
Connecticut,Cognitive Decline,Hispanic,17.0,Connecticut,9.0,CT
Connecticut,Cognitive Decline,Native Am/Alaskan Native,,Connecticut,9.0,CT
Connecticut,Cognitive Decline,"White, non-Hispanic",26.74,Connecticut,9.0,CT
Connecticut,Mental Health,Asian/Pacific Islander,,Connecticut,9.0,CT
Connecticut,Mental Health,"Black, non-Hispanic",8.975,Connecticut,9.0,CT
Connecticut,Mental Health,Hispanic,18.85,Connecticut,9.0,CT
Connecticut,Mental Health,Native Am/Alaskan Native,,Connecticut,9.0,CT
Connecticut,Mental Health,"White, non-Hispanic",13.133333333333333,Connecticut,9.0,CT
Connecticut,Smoking and Alcohol Use,Asian/Pacific Islander,,Connecticut,9.0,CT
Connecticut,Smoking and Alcohol Use,"Black, non-Hispanic",17.225,Connecticut,9.0,CT
Connecticut,Smoking and Alcohol Use,Hispanic,13.75,Connecticut,9.0,CT
Connecticut,Smoking and Alcohol Use,Native Am/Alaskan Native,,Connecticut,9.0,CT
Connecticut,Smoking and Alcohol Use,"White, non-Hispanic",9.65,Connecticut,9.0,CT
Delaware,Caregiving,Asian/Pacific Islander,,Delaware,10.0,DE
Delaware,Caregiving,"Black, non-Hispanic",32.1375,Delaware,10.0,DE
Delaware,Caregiving,Hispanic,,Delaware,10.0,DE
Delaware,Caregiving,Native Am/Alaskan Native,,Delaware,10.0,DE
Delaware,Caregiving,"White, non-Hispanic",33.25333333333334,Delaware,10.0,DE
Delaware,Cognitive Decline,Asian/Pacific Islander,,Delaware,10.0,DE
Delaware,Cognitive Decline,"Black, non-Hispanic",10.25,Delaware,10.0,DE
Delaware,Cognitive Decline,Hispanic,,Delaware,10.0,DE
Delaware,Cognitive Decline,Native Am/Alaskan Native,,Delaware,10.0,DE
Delaware,Cognitive Decline,"White, non-Hispanic",23.0125,Delaware,10.0,DE
Delaware,Mental Health,Asian/Pacific Islander,,Delaware,10.0,DE
Delaware,Mental Health,"Black, non-Hispanic",11.95,Delaware,10.0,DE
Delaware,Mental Health,Hispanic,20.6,Delaware,10.0,DE
Delaware,Mental Health,Native Am/Alaskan Native,,Delaware,10.0,DE
Delaware,Mental Health,"White, non-Hispanic",13.883333333333333,Delaware,10.0,DE
Delaware,Smoking and Alcohol Use,Asian/Pacific Islander,,Delaware,10.0,DE
Delaware,Smoking and Alcohol Use,"Black, non-Hispanic",11.833333333333334,Delaware,10.0,DE
Delaware,Smoking and Alcohol Use,Hispanic,,Delaware,10.0,DE
Delaware,Smoking and Alcohol Use,Native Am/Alaskan Native,,Delaware,10.0,DE
Delaware,Smoking and Alcohol Use,"White, non-Hispanic",11.316666666666668,Delaware,10.0,DE
District of Columbia,Cognitive Decline,Asian/Pacific Islander,,District of Columbia,11.0,DC
District of Columbia,Cognitive Decline,"Black, non-Hispanic",33.599999999999994,District of Columbia,11.0,DC
District of Columbia,Cognitive Decline,Hispanic,,District of Columbia,11.0,DC
District of Columbia,Cognitive Decline,Native Am/Alaskan Native,,District of Columbia,11.0,DC
District of Columbia,Cognitive Decline,"White, non-Hispanic",22.450000000000003,District of Columbia,11.0,DC
District of Columbia,Mental Health,Asian/Pacific Islander,,District of Columbia,11.0,DC
District of Columbia,Mental Health,"Black, non-Hispanic",12.416666666666666,District of Columbia,11.0,DC
District of Columbia,Mental Health,Hispanic,,District of Columbia,11.0,DC
District of Columbia,Mental Health,Native Am/Alaskan Native,,District of Columbia,11.0,DC
District of Columbia,Mental Health,"White, non-Hispanic",13.6,District of Columbia,11.0,DC
District of Columbia,Smoking and Alcohol Use,Asian/Pacific Islander,,District of Columbia,11.0,DC
District of Columbia,Smoking and Alcohol Use,"Black, non-Hispanic",13.016666666666666,District of Columbia,11.0,DC
District of Columbia,Smoking and Alcohol Use,Hispanic,,District of Columbia,11.0,DC
District of Columbia,Smoking and Alcohol Use,Native Am/Alaskan Native,,District of Columbia,11.0,DC
District of Columbia,Smoking and Alcohol Use,"White, non-Hispanic",10.3,District of Columbia,11.0,DC
Florida,Cognitive Decline,Asian/Pacific Islander,,Florida,12.0,FL
Florida,Cognitive Decline,"Black, non-Hispanic",24.4,Florida,12.0,FL
Florida,Cognitive Decline,Hispanic,13.4,Florida,12.0,FL
Florida,Cognitive Decline,Native Am/Alaskan Native,,Florida,12.0,FL
Florida,Cognitive Decline,"White, non-Hispanic",30.683333333333334,Florida,12.0,FL
Florida,Mental Health,Asian/Pacific Islander,,Florida,12.0,FL
Florida,Mental Health,"Black, non-Hispanic",16.775,Florida,12.0,FL
Florida,Mental Health,Hispanic,15.366666666666667,Florida,12.0,FL
Florida,Mental Health,Native Am/Alaskan Native,,Florida,12.0,FL
Florida,Mental Health,"White, non-Hispanic",14.116666666666667,Florida,12.0,FL
Florida,Smoking and Alcohol Use,Asian/Pacific Islander,,Florida,12.0,FL
Florida,Smoking and Alcohol Use,"Black, non-Hispanic",7.3,Florida,12.0,FL
Florida,Smoking and Alcohol Use,Hispanic,11.45,Florida,12.0,FL
Florida,Smoking and Alcohol Use,Native Am/Alaskan Native,,Florida,12.0,FL
Florida,Smoking and Alcohol Use,"White, non-Hispanic",11.466666666666667,Florida,12.0,FL
Georgia,Caregiving,Asian/Pacific Islander,,Georgia,13.0,GA
Georgia,Caregiving,"Black, non-Hispanic",37.45333333333334,Georgia,13.0,GA
Georgia,Caregiving,Hispanic,,Georgia,13.0,GA
Georgia,Caregiving,Native Am/Alaskan Native,,Georgia,13.0,GA
Georgia,Caregiving,"White, non-Hispanic",35.84666666666667,Georgia,13.0,GA
Georgia,Cognitive Decline,Asian/Pacific Islander,,Georgia,13.0,GA
Georgia,Cognitive Decline,"Black, non-Hispanic",38.608333333333334,Georgia,13.0,GA
Georgia,Cognitive Decline,Hispanic,,Georgia,13.0,GA
Georgia,Cognitive Decline,Native Am/Alaskan Native,,Georgia,13.0,GA
Georgia,Cognitive Decline,"White, non-Hispanic",29.441666666666666,Georgia,13.0,GA
Georgia,Mental Health,Asian/Pacific Islander,,Georgia,13.0,GA
Georgia,Mental Health,"Black, non-Hispanic",12.299999999999999,Georgia,13.0,GA
Georgia,Mental Health,Hispanic,19.3,Georgia,13.0,GA
Georgia,Mental Health,Native Am/Alaskan Native,,Georgia,13.0,GA
Georgia,Mental Health,"White, non-Hispanic",15.85,Georgia,13.0,GA
Georgia,Smoking and Alcohol Use,Asian/Pacific Islander,,Georgia,13.0,GA
Georgia,Smoking and Alcohol Use,"Black, non-Hispanic",11.440000000000001,Georgia,13.0,GA
Georgia,Smoking and Alcohol Use,Hispanic,,Georgia,13.0,GA
Georgia,Smoking and Alcohol Use,Native Am/Alaskan Native,,Georgia,13.0,GA
Georgia,Smoking and Alcohol Use,"White, non-Hispanic",10.1,Georgia,13.0,GA
Guam,Mental Health,Asian/Pacific Islander,9.1,Guam,66.0,GU
Guam,Mental Health,"Black, non-Hispanic",,Guam,66.0,GU
Guam,Mental Health,Hispanic,,Guam,66.0,GU
Guam,Mental Health,"White, non-Hispanic",,Guam,66.0,GU
Guam,Smoking and Alcohol Use,Asian/Pacific Islander,20.1,Guam,66.0,GU
Guam,Smoking and Alcohol Use,"Black, non-Hispanic",,Guam,66.0,GU
Guam,Smoking and Alcohol Use,Hispanic,,Guam,66.0,GU
Guam,Smoking and Alcohol Use,"White, non-Hispanic",30.866666666666664,Guam,66.0,GU
Hawaii,Caregiving,Asian/Pacific Islander,35.266666666666666,Hawaii,15.0,HI
Hawaii,Caregiving,"Black, non-Hispanic",,Hawaii,15.0,HI
Hawaii,Caregiving,Hispanic,26.325,Hawaii,15.0,HI
Hawaii,Caregiving,Native Am/Alaskan Native,,Hawaii,15.0,HI
Hawaii,Caregiving,"White, non-Hispanic",30.56,Hawaii,15.0,HI
Hawaii,Cognitive Decline,Asian/Pacific Islander,24.74166666666667,Hawaii,15.0,HI
Hawaii,Cognitive Decline,"Black, non-Hispanic",,Hawaii,15.0,HI
Hawaii,Cognitive Decline,Hispanic,13.1,Hawaii,15.0,HI
Hawaii,Cognitive Decline,Native Am/Alaskan Native,,Hawaii,15.0,HI
Hawaii,Cognitive Decline,"White, non-Hispanic",22.422222222222224,Hawaii,15.0,HI
Hawaii,Mental Health,Asian/Pacific Islander,6.3500000000000005,Hawaii,15.0,HI
Hawaii,Mental Health,"Black, non-Hispanic",,Hawaii,15.0,HI
Hawaii,Mental Health,Hispanic,24.95,Hawaii,15.0,HI
Hawaii,Mental Health,Native Am/Alaskan Native,,Hawaii,15.0,HI
Hawaii,Mental Health,"White, non-Hispanic",12.283333333333333,Hawaii,15.0,HI
Hawaii,Smoking and Alcohol Use,Asian/Pacific Islander,7.633333333333333,Hawaii,15.0,HI
Hawaii,Smoking and Alcohol Use,"Black, non-Hispanic",,Hawaii,15.0,HI
Hawaii,Smoking and Alcohol Use,Hispanic,13.375,Hawaii,15.0,HI
Hawaii,Smoking and Alcohol Use,Native Am/Alaskan Native,,Hawaii,15.0,HI
Hawaii,Smoking and Alcohol Use,"White, non-Hispanic",11.533333333333333,Hawaii,15.0,HI
Idaho,Caregiving,Asian/Pacific Islander,,Idaho,16.0,ID
Idaho,Caregiving,"Black, non-Hispanic",,Idaho,16.0,ID
Idaho,Caregiving,Hispanic,13.0,Idaho,16.0,ID
Idaho,Caregiving,Native Am/Alaskan Native,,Idaho,16.0,ID
Idaho,Caregiving,"White, non-Hispanic",33.77333333333333,Idaho,16.0,ID
Idaho,Cognitive Decline,Asian/Pacific Islander,,Idaho,16.0,ID
Idaho,Cognitive Decline,"Black, non-Hispanic",,Idaho,16.0,ID
Idaho,Cognitive Decline,Hispanic,12.3,Idaho,16.0,ID
Idaho,Cognitive Decline,Native Am/Alaskan Native,,Idaho,16.0,ID
Idaho,Cognitive Decline,"White, non-Hispanic",28.633333333333336,Idaho,16.0,ID
Idaho,Mental Health,Asian/Pacific Islander,,Idaho,16.0,ID
Idaho,Mental Health,"Black, non-Hispanic",,Idaho,16.0,ID
Idaho,Mental Health,Hispanic,17.15,Idaho,16.0,ID
Idaho,Mental Health,Native Am/Alaskan Native,,Idaho,16.0,ID
Idaho,Mental Health,"White, non-Hispanic",13.466666666666667,Idaho,16.0,ID
Idaho,Smoking and Alcohol Use,Asian/Pacific Islander,,Idaho,16.0,ID
Idaho,Smoking and Alcohol Use,"Black, non-Hispanic",,Idaho,16.0,ID
Idaho,Smoking and Alcohol Use,Hispanic,23.25,Idaho,16.0,ID
Idaho,Smoking and Alcohol Use,Native Am/Alaskan Native,,Idaho,16.0,ID
Idaho,Smoking and Alcohol Use,"White, non-Hispanic",9.883333333333333,Idaho,16.0,ID
Illinois,Caregiving,Asian/Pacific Islander,,Illinois,17.0,IL
Illinois,Caregiving,"Black, non-Hispanic",10.6,Illinois,17.0,IL
Illinois,Caregiving,Hispanic,,Illinois,17.0,IL
Illinois,Caregiving,Native Am/Alaskan Native,,Illinois,17.0,IL
Illinois,Caregiving,"White, non-Hispanic",34.233333333333334,Illinois,17.0,IL
Illinois,Cognitive Decline,Asian/Pacific Islander,,Illinois,17.0,IL
Illinois,Cognitive Decline,"Black, non-Hispanic",,Illinois,17.0,IL
Illinois,Cognitive Decline,Hispanic,,Illinois,17.0,IL
Illinois,Cognitive Decline,Native Am/Alaskan Native,,Illinois,17.0,IL
Illinois,Cognitive Decline,"White, non-Hispanic",29.188888888888886,Illinois,17.0,IL
Illinois,Mental Health,Asian/Pacific Islander,,Illinois,17.0,IL
Illinois,Mental Health,"Black, non-Hispanic",10.75,Illinois,17.0,IL
Illinois,Mental Health,Hispanic,11.575,Illinois,17.0,IL
Illinois,Mental Health,Native Am/Alaskan Native,,Illinois,17.0,IL
Illinois,Mental Health,"White, non-Hispanic",12.833333333333334,Illinois,17.0,IL
Illinois,Smoking and Alcohol Use,Asian/Pacific Islander,,Illinois,17.0,IL
Illinois,Smoking and Alcohol Use,"Black, non-Hispanic",13.975000000000001,Illinois,17.0,IL
Illinois,Smoking and Alcohol Use,Hispanic,10.325,Illinois,17.0,IL
Illinois,Smoking and Alcohol Use,Native Am/Alaskan Native,,Illinois,17.0,IL
Illinois,Smoking and Alcohol Use,"White, non-Hispanic",10.933333333333332,Illinois,17.0,IL
Indiana,Caregiving,Asian/Pacific Islander,,Indiana,18.0,IN
Indiana,Caregiving,"Black, non-Hispanic",36.95,Indiana,18.0,IN
Indiana,Caregiving,Hispanic,15.950000000000001,Indiana,18.0,IN
Indiana,Caregiving,Native Am/Alaskan Native,,Indiana,18.0,IN
Indiana,Caregiving,"White, non-Hispanic",32.88,Indiana,18.0,IN
Indiana,Cognitive Decline,Asian/Pacific Islander,,Indiana,18.0,IN
Indiana,Cognitive Decline,"Black, non-Hispanic",38.0,Indiana,18.0,IN
Indiana,Cognitive Decline,Hispanic,,Indiana,18.0,IN
Indiana,Cognitive Decline,Native Am/Alaskan Native,,Indiana,18.0,IN
Indiana,Cognitive Decline,"White, non-Hispanic",30.883333333333336,Indiana,18.0,IN
Indiana,Mental Health,Asian/Pacific Islander,,Indiana,18.0,IN
Indiana,Mental Health,"Black, non-Hispanic",14.75,Indiana,18.0,IN
Indiana,Mental Health,Hispanic,19.599999999999998,Indiana,18.0,IN
Indiana,Mental Health,Native Am/Alaskan Native,,Indiana,18.0,IN
Indiana,Mental Health,"White, non-Hispanic",15.383333333333333,Indiana,18.0,IN
Indiana,Smoking and Alcohol Use,Asian/Pacific Islander,,Indiana,18.0,IN
Indiana,Smoking and Alcohol Use,"Black, non-Hispanic",17.919999999999998,Indiana,18.0,IN
Indiana,Smoking and Alcohol Use,Hispanic,15.200000000000001,Indiana,18.0,IN
Indiana,Smoking and Alcohol Use,Native Am/Alaskan Native,,Indiana,18.0,IN
Indiana,Smoking and Alcohol Use,"White, non-Hispanic",12.066666666666668,Indiana,18.0,IN
Iowa,Caregiving,Asian/Pacific Islander,,Iowa,19.0,IA
Iowa,Caregiving,"Black, non-Hispanic",,Iowa,19.0,IA
Iowa,Caregiving,Hispanic,13.466666666666667,Iowa,19.0,IA
Iowa,Caregiving,Native Am/Alaskan Native,,Iowa,19.0,IA
Iowa,Caregiving,"White, non-Hispanic",31.5,Iowa,19.0,IA
Iowa,Cognitive Decline,Asian/Pacific Islander,,Iowa,19.0,IA
Iowa,Cognitive Decline,"Black, non-Hispanic",,Iowa,19.0,IA
Iowa,Cognitive Decline,Hispanic,,Iowa,19.0,IA
Iowa,Cognitive Decline,Native Am/Alaskan Native,,Iowa,19.0,IA
Iowa,Cognitive Decline,"White, non-Hispanic",27.75,Iowa,19.0,IA
Iowa,Mental Health,Asian/Pacific Islander,,Iowa,19.0,IA
Iowa,Mental Health,"Black, non-Hispanic",,Iowa,19.0,IA
Iowa,Mental Health,Hispanic,13.45,Iowa,19.0,IA
Iowa,Mental Health,Native Am/Alaskan Native,,Iowa,19.0,IA
Iowa,Mental Health,"White, non-Hispanic",11.9,Iowa,19.0,IA
Iowa,Smoking and Alcohol Use,Asian/Pacific Islander,,Iowa,19.0,IA
Iowa,Smoking and Alcohol Use,"Black, non-Hispanic",,Iowa,19.0,IA
Iowa,Smoking and Alcohol Use,Hispanic,11.633333333333333,Iowa,19.0,IA
Iowa,Smoking and Alcohol Use,Native Am/Alaskan Native,,Iowa,19.0,IA
Iowa,Smoking and Alcohol Use,"White, non-Hispanic",13.583333333333334,Iowa,19.0,IA
Kansas,Caregiving,Asian/Pacific Islander,,Kansas,20.0,KS
Kansas,Caregiving,"Black, non-Hispanic",35.25,Kansas,20.0,KS
Kansas,Caregiving,Hispanic,21.0,Kansas,20.0,KS
Kansas,Caregiving,Native Am/Alaskan Native,,Kansas,20.0,KS
Kansas,Caregiving,"White, non-Hispanic",32.406666666666666,Kansas,20.0,KS
Kansas,Cognitive Decline,Asian/Pacific Islander,,Kansas,20.0,KS
Kansas,Cognitive Decline,"Black, non-Hispanic",,Kansas,20.0,KS
Kansas,Cognitive Decline,Hispanic,,Kansas,20.0,KS
Kansas,Cognitive Decline,Native Am/Alaskan Native,,Kansas,20.0,KS
Kansas,Cognitive Decline,"White, non-Hispanic",28.675,Kansas,20.0,KS
Kansas,Mental Health,Asian/Pacific Islander,,Kansas,20.0,KS
Kansas,Mental Health,"Black, non-Hispanic",19.0,Kansas,20.0,KS
Kansas,Mental Health,Hispanic,9.9,Kansas,20.0,KS
Kansas,Mental Health,Native Am/Alaskan Native,,Kansas,20.0,KS
Kansas,Mental Health,"White, non-Hispanic",11.933333333333332,Kansas,20.0,KS
Kansas,Smoking and Alcohol Use,Asian/Pacific Islander,,Kansas,20.0,KS
Kansas,Smoking and Alcohol Use,"Black, non-Hispanic",21.333333333333332,Kansas,20.0,KS
Kansas,Smoking and Alcohol Use,Hispanic,13.966666666666669,Kansas,20.0,KS
Kansas,Smoking and Alcohol Use,Native Am/Alaskan Native,55.5,Kansas,20.0,KS
Kansas,Smoking and Alcohol Use,"White, non-Hispanic",11.033333333333333,Kansas,20.0,KS
Kentucky,Caregiving,Asian/Pacific Islander,,Kentucky,21.0,KY
Kentucky,Caregiving,"Black, non-Hispanic",47.275000000000006,Kentucky,21.0,KY
Kentucky,Caregiving,Hispanic,,Kentucky,21.0,KY
Kentucky,Caregiving,Native Am/Alaskan Native,,Kentucky,21.0,KY
Kentucky,Caregiving,"White, non-Hispanic",35.72666666666667,Kentucky,21.0,KY
Kentucky,Cognitive Decline,Asian/Pacific Islander,,Kentucky,21.0,KY
Kentucky,Cognitive Decline,"Black, non-Hispanic",,Kentucky,21.0,KY
Kentucky,Cognitive Decline,Hispanic,,Kentucky,21.0,KY
Kentucky,Cognitive Decline,Native Am/Alaskan Native,,Kentucky,21.0,KY
Kentucky,Cognitive Decline,"White, non-Hispanic",34.141666666666666,Kentucky,21.0,KY
Kentucky,Mental Health,Asian/Pacific Islander,,Kentucky,21.0,KY
Kentucky,Mental Health,"Black, non-Hispanic",,Kentucky,21.0,KY
Kentucky,Mental Health,Hispanic,,Kentucky,21.0,KY
Kentucky,Mental Health,Native Am/Alaskan Native,,Kentucky,21.0,KY
Kentucky,Mental Health,"White, non-Hispanic",18.033333333333335,Kentucky,21.0,KY
Kentucky,Smoking and Alcohol Use,Asian/Pacific Islander,,Kentucky,21.0,KY
Kentucky,Smoking and Alcohol Use,"Black, non-Hispanic",36.400000000000006,Kentucky,21.0,KY
Kentucky,Smoking and Alcohol Use,Hispanic,,Kentucky,21.0,KY
Kentucky,Smoking and Alcohol Use,Native Am/Alaskan Native,,Kentucky,21.0,KY
Kentucky,Smoking and Alcohol Use,"White, non-Hispanic",12.033333333333333,Kentucky,21.0,KY
Louisiana,Caregiving,Asian/Pacific Islander,,Louisiana,22.0,LA
Louisiana,Caregiving,"Black, non-Hispanic",35.392857142857146,Louisiana,22.0,LA
Louisiana,Caregiving,Hispanic,,Louisiana,22.0,LA
Louisiana,Caregiving,Native Am/Alaskan Native,,Louisiana,22.0,LA
Louisiana,Caregiving,"White, non-Hispanic",34.986666666666665,Louisiana,22.0,LA
Louisiana,Cognitive Decline,Asian/Pacific Islander,,Louisiana,22.0,LA
Louisiana,Cognitive Decline,"Black, non-Hispanic",37.38333333333333,Louisiana,22.0,LA
Louisiana,Cognitive Decline,Hispanic,,Louisiana,22.0,LA
Louisiana,Cognitive Decline,Native Am/Alaskan Native,,Louisiana,22.0,LA
Louisiana,Cognitive Decline,"White, non-Hispanic",33.766666666666666,Louisiana,22.0,LA
Louisiana,Mental Health,Asian/Pacific Islander,,Louisiana,22.0,LA
Louisiana,Mental Health,"Black, non-Hispanic",18.066666666666666,Louisiana,22.0,LA
Louisiana,Mental Health,Hispanic,27.25,Louisiana,22.0,LA
Louisiana,Mental Health,Native Am/Alaskan Native,,Louisiana,22.0,LA
Louisiana,Mental Health,"White, non-Hispanic",20.266666666666666,Louisiana,22.0,LA
Louisiana,Smoking and Alcohol Use,Asian/Pacific Islander,,Louisiana,22.0,LA
Louisiana,Smoking and Alcohol Use,"Black, non-Hispanic",13.033333333333333,Louisiana,22.0,LA
Louisiana,Smoking and Alcohol Use,Hispanic,,Louisiana,22.0,LA
Louisiana,Smoking and Alcohol Use,Native Am/Alaskan Native,,Louisiana,22.0,LA
Louisiana,Smoking and Alcohol Use,"White, non-Hispanic",13.916666666666666,Louisiana,22.0,LA
Maine,Caregiving,Asian/Pacific Islander,,Maine,23.0,ME
Maine,Caregiving,"Black, non-Hispanic",,Maine,23.0,ME
Maine,Caregiving,Hispanic,,Maine,23.0,ME
Maine,Caregiving,Native Am/Alaskan Native,,Maine,23.0,ME
Maine,Caregiving,"White, non-Hispanic",33.986666666666665,Maine,23.0,ME
Maine,Cognitive Decline,Asian/Pacific Islander,,Maine,23.0,ME
Maine,Cognitive Decline,"Black, non-Hispanic",,Maine,23.0,ME
Maine,Cognitive Decline,Hispanic,,Maine,23.0,ME
Maine,Cognitive Decline,Native Am/Alaskan Native,,Maine,23.0,ME
Maine,Cognitive Decline,"White, non-Hispanic",29.958333333333332,Maine,23.0,ME
Maine,Mental Health,Asian/Pacific Islander,,Maine,23.0,ME
Maine,Mental Health,"Black, non-Hispanic",,Maine,23.0,ME
Maine,Mental Health,Hispanic,,Maine,23.0,ME
Maine,Mental Health,Native Am/Alaskan Native,32.05,Maine,23.0,ME
Maine,Mental Health,"White, non-Hispanic",15.633333333333335,Maine,23.0,ME
Maine,Smoking and Alcohol Use,Asian/Pacific Islander,,Maine,23.0,ME
Maine,Smoking and Alcohol Use,"Black, non-Hispanic",,Maine,23.0,ME
Maine,Smoking and Alcohol Use,Hispanic,,Maine,23.0,ME
Maine,Smoking and Alcohol Use,Native Am/Alaskan Native,,Maine,23.0,ME
Maine,Smoking and Alcohol Use,"White, non-Hispanic",11.333333333333334,Maine,23.0,ME
Maryland,Caregiving,Asian/Pacific Islander,35.2,Maryland,24.0,MD
Maryland,Caregiving,"Black, non-Hispanic",35.419999999999995,Maryland,24.0,MD
Maryland,Caregiving,Hispanic,17.9,Maryland,24.0,MD
Maryland,Caregiving,Native Am/Alaskan Native,,Maryland,24.0,MD
Maryland,Caregiving,"White, non-Hispanic",34.64,Maryland,24.0,MD
Maryland,Cognitive Decline,Asian/Pacific Islander,,Maryland,24.0,MD
Maryland,Cognitive Decline,"Black, non-Hispanic",23.380000000000003,Maryland,24.0,MD
Maryland,Cognitive Decline,Hispanic,,Maryland,24.0,MD
Maryland,Cognitive Decline,Native Am/Alaskan Native,,Maryland,24.0,MD
Maryland,Cognitive Decline,"White, non-Hispanic",26.008333333333336,Maryland,24.0,MD
Maryland,Mental Health,Asian/Pacific Islander,,Maryland,24.0,MD
Maryland,Mental Health,"Black, non-Hispanic",10.016666666666667,Maryland,24.0,MD
Maryland,Mental Health,Hispanic,13.466666666666667,Maryland,24.0,MD
Maryland,Mental Health,Native Am/Alaskan Native,,Maryland,24.0,MD
Maryland,Mental Health,"White, non-Hispanic",14.299999999999999,Maryland,24.0,MD
Maryland,Smoking and Alcohol Use,Asian/Pacific Islander,,Maryland,24.0,MD
Maryland,Smoking and Alcohol Use,"Black, non-Hispanic",7.866666666666667,Maryland,24.0,MD
Maryland,Smoking and Alcohol Use,Hispanic,6.8,Maryland,24.0,MD
Maryland,Smoking and Alcohol Use,Native Am/Alaskan Native,,Maryland,24.0,MD
Maryland,Smoking and Alcohol Use,"White, non-Hispanic",9.450000000000001,Maryland,24.0,MD
Massachusetts,Caregiving,Asian/Pacific Islander,,Massachusetts,25.0,MA
Massachusetts,Caregiving,"Black, non-Hispanic",,Massachusetts,25.0,MA
Massachusetts,Caregiving,Hispanic,12.1,Massachusetts,25.0,MA
Massachusetts,Caregiving,Native Am/Alaskan Native,,Massachusetts,25.0,MA
Massachusetts,Caregiving,"White, non-Hispanic",33.00666666666667,Massachusetts,25.0,MA
Massachusetts,Mental Health,Asian/Pacific Islander,,Massachusetts,25.0,MA
Massachusetts,Mental Health,"Black, non-Hispanic",9.75,Massachusetts,25.0,MA
Massachusetts,Mental Health,Hispanic,23.2,Massachusetts,25.0,MA
Massachusetts,Mental Health,Native Am/Alaskan Native,,Massachusetts,25.0,MA
Massachusetts,Mental Health,"White, non-Hispanic",14.666666666666666,Massachusetts,25.0,MA
Massachusetts,Smoking and Alcohol Use,Asian/Pacific Islander,,Massachusetts,25.0,MA
Massachusetts,Smoking and Alcohol Use,"Black, non-Hispanic",11.799999999999999,Massachusetts,25.0,MA
Massachusetts,Smoking and Alcohol Use,Hispanic,13.466666666666667,Massachusetts,25.0,MA
Massachusetts,Smoking and Alcohol Use,Native Am/Alaskan Native,,Massachusetts,25.0,MA
Massachusetts,Smoking and Alcohol Use,"White, non-Hispanic",9.766666666666666,Massachusetts,25.0,MA
Michigan,Caregiving,Asian/Pacific Islander,,Michigan,26.0,MI
Michigan,Caregiving,"Black, non-Hispanic",31.05,Michigan,26.0,MI
Michigan,Caregiving,Hispanic,,Michigan,26.0,MI
Michigan,Caregiving,Native Am/Alaskan Native,,Michigan,26.0,MI
Michigan,Caregiving,"White, non-Hispanic",34.46666666666667,Michigan,26.0,MI
Michigan,Cognitive Decline,Asian/Pacific Islander,,Michigan,26.0,MI
Michigan,Cognitive Decline,"Black, non-Hispanic",12.05,Michigan,26.0,MI
Michigan,Cognitive Decline,Hispanic,,Michigan,26.0,MI
Michigan,Cognitive Decline,Native Am/Alaskan Native,,Michigan,26.0,MI
Michigan,Cognitive Decline,"White, non-Hispanic",31.099999999999998,Michigan,26.0,MI
Michigan,Mental Health,Asian/Pacific Islander,,Michigan,26.0,MI
Michigan,Mental Health,"Black, non-Hispanic",16.400000000000002,Michigan,26.0,MI
Michigan,Mental Health,Hispanic,28.6,Michigan,26.0,MI
Michigan,Mental Health,Native Am/Alaskan Native,,Michigan,26.0,MI
Michigan,Mental Health,"White, non-Hispanic",14.933333333333332,Michigan,26.0,MI
Michigan,Smoking and Alcohol Use,Asian/Pacific Islander,,Michigan,26.0,MI
Michigan,Smoking and Alcohol Use,"Black, non-Hispanic",16.2,Michigan,26.0,MI
Michigan,Smoking and Alcohol Use,Hispanic,,Michigan,26.0,MI
Michigan,Smoking and Alcohol Use,Native Am/Alaskan Native,,Michigan,26.0,MI
Michigan,Smoking and Alcohol Use,"White, non-Hispanic",12.399999999999999,Michigan,26.0,MI
Midwest,Caregiving,Asian/Pacific Islander,24.81,Midwest,,
Midwest,Caregiving,"Black, non-Hispanic",34.49,Midwest,,
Midwest,Caregiving,Hispanic,37.05333333333333,Midwest,,
Midwest,Caregiving,Native Am/Alaskan Native,34.57,Midwest,,
Midwest,Caregiving,"White, non-Hispanic",33.46666666666667,Midwest,,
Midwest,Cognitive Decline,Asian/Pacific Islander,40.4375,Midwest,,
Midwest,Cognitive Decline,"Black, non-Hispanic",44.72083333333333,Midwest,,
Midwest,Cognitive Decline,Hispanic,38.1875,Midwest,,
Midwest,Cognitive Decline,Native Am/Alaskan Native,39.74583333333333,Midwest,,
Midwest,Cognitive Decline,"White, non-Hispanic",30.045833333333334,Midwest,,
Midwest,Mental Health,Asian/Pacific Islander,10.25,Midwest,,
Midwest,Mental Health,"Black, non-Hispanic",14.166666666666666,Midwest,,
Midwest,Mental Health,Hispanic,13.766666666666666,Midwest,,
Midwest,Mental Health,Native Am/Alaskan Native,23.1,Midwest,,
Midwest,Mental Health,"White, non-Hispanic",14.049999999999999,Midwest,,
Midwest,Smoking and Alcohol Use,Asian/Pacific Islander,,Midwest,,
Midwest,Smoking and Alcohol Use,"Black, non-Hispanic",14.433333333333332,Midwest,,
Midwest,Smoking and Alcohol Use,Hispanic,10.766666666666666,Midwest,,
Midwest,Smoking and Alcohol Use,Native Am/Alaskan Native,25.14,Midwest,,
Midwest,Smoking and Alcohol Use,"White, non-Hispanic",12.216666666666667,Midwest,,
Minnesota,Caregiving,Asian/Pacific Islander,,Minnesota,27.0,MN
Minnesota,Caregiving,"Black, non-Hispanic",19.166666666666668,Minnesota,27.0,MN
Minnesota,Caregiving,Hispanic,15.325,Minnesota,27.0,MN
Minnesota,Caregiving,Native Am/Alaskan Native,33.6,Minnesota,27.0,MN
Minnesota,Caregiving,"White, non-Hispanic",32.346666666666664,Minnesota,27.0,MN
Minnesota,Cognitive Decline,Asian/Pacific Islander,,Minnesota,27.0,MN
Minnesota,Cognitive Decline,"Black, non-Hispanic",12.0,Minnesota,27.0,MN
Minnesota,Cognitive Decline,Hispanic,,Minnesota,27.0,MN
Minnesota,Cognitive Decline,Native Am/Alaskan Native,,Minnesota,27.0,MN
Minnesota,Cognitive Decline,"White, non-Hispanic",24.333333333333332,Minnesota,27.0,MN
Minnesota,Mental Health,Asian/Pacific Islander,17.4,Minnesota,27.0,MN
Minnesota,Mental Health,"Black, non-Hispanic",17.05,Minnesota,27.0,MN
Minnesota,Mental Health,Hispanic,19.633333333333333,Minnesota,27.0,MN
Minnesota,Mental Health,Native Am/Alaskan Native,24.1,Minnesota,27.0,MN
Minnesota,Mental Health,"White, non-Hispanic",12.866666666666665,Minnesota,27.0,MN
Minnesota,Smoking and Alcohol Use,Asian/Pacific Islander,,Minnesota,27.0,MN
Minnesota,Smoking and Alcohol Use,"Black, non-Hispanic",21.25,Minnesota,27.0,MN
Minnesota,Smoking and Alcohol Use,Hispanic,8.866666666666667,Minnesota,27.0,MN
Minnesota,Smoking and Alcohol Use,Native Am/Alaskan Native,42.55,Minnesota,27.0,MN
Minnesota,Smoking and Alcohol Use,"White, non-Hispanic",11.966666666666667,Minnesota,27.0,MN
Mississippi,Caregiving,Asian/Pacific Islander,,Mississippi,28.0,MS
Mississippi,Caregiving,"Black, non-Hispanic",36.028571428571425,Mississippi,28.0,MS
Mississippi,Caregiving,Hispanic,,Mississippi,28.0,MS
Mississippi,Caregiving,Native Am/Alaskan Native,,Mississippi,28.0,MS
Mississippi,Caregiving,"White, non-Hispanic",33.58,Mississippi,28.0,MS
Mississippi,Cognitive Decline,Asian/Pacific Islander,,Mississippi,28.0,MS
Mississippi,Cognitive Decline,"Black, non-Hispanic",39.65833333333333,Mississippi,28.0,MS
Mississippi,Cognitive Decline,Hispanic,,Mississippi,28.0,MS
Mississippi,Cognitive Decline,Native Am/Alaskan Native,,Mississippi,28.0,MS
Mississippi,Cognitive Decline,"White, non-Hispanic",36.44166666666666,Mississippi,28.0,MS
Mississippi,Mental Health,Asian/Pacific Islander,,Mississippi,28.0,MS
Mississippi,Mental Health,"Black, non-Hispanic",15.033333333333333,Mississippi,28.0,MS
Mississippi,Mental Health,Hispanic,,Mississippi,28.0,MS
Mississippi,Mental Health,Native Am/Alaskan Native,,Mississippi,28.0,MS
Mississippi,Mental Health,"White, non-Hispanic",15.299999999999999,Mississippi,28.0,MS
Mississippi,Smoking and Alcohol Use,Asian/Pacific Islander,,Mississippi,28.0,MS
Mississippi,Smoking and Alcohol Use,"Black, non-Hispanic",13.8,Mississippi,28.0,MS
Mississippi,Smoking and Alcohol Use,Hispanic,,Mississippi,28.0,MS
Mississippi,Smoking and Alcohol Use,Native Am/Alaskan Native,,Mississippi,28.0,MS
Mississippi,Smoking and Alcohol Use,"White, non-Hispanic",12.466666666666667,Mississippi,28.0,MS
Missouri,Caregiving,Asian/Pacific Islander,,Missouri,29.0,MO
Missouri,Caregiving,"Black, non-Hispanic",31.025,Missouri,29.0,MO
Missouri,Caregiving,Hispanic,36.2,Missouri,29.0,MO
Missouri,Caregiving,Native Am/Alaskan Native,,Missouri,29.0,MO
Missouri,Caregiving,"White, non-Hispanic",33.56666666666667,Missouri,29.0,MO
Missouri,Cognitive Decline,Asian/Pacific Islander,,Missouri,29.0,MO
Missouri,Cognitive Decline,"Black, non-Hispanic",10.15,Missouri,29.0,MO
Missouri,Cognitive Decline,Hispanic,,Missouri,29.0,MO
Missouri,Cognitive Decline,Native Am/Alaskan Native,,Missouri,29.0,MO
Missouri,Cognitive Decline,"White, non-Hispanic",29.525000000000002,Missouri,29.0,MO
Missouri,Mental Health,Asian/Pacific Islander,,Missouri,29.0,MO
Missouri,Mental Health,"Black, non-Hispanic",14.700000000000001,Missouri,29.0,MO
Missouri,Mental Health,Hispanic,,Missouri,29.0,MO
Missouri,Mental Health,Native Am/Alaskan Native,,Missouri,29.0,MO
Missouri,Mental Health,"White, non-Hispanic",14.983333333333334,Missouri,29.0,MO
Missouri,Smoking and Alcohol Use,Asian/Pacific Islander,,Missouri,29.0,MO
Missouri,Smoking and Alcohol Use,"Black, non-Hispanic",12.959999999999999,Missouri,29.0,MO
Missouri,Smoking and Alcohol Use,Hispanic,,Missouri,29.0,MO
Missouri,Smoking and Alcohol Use,Native Am/Alaskan Native,,Missouri,29.0,MO
Missouri,Smoking and Alcohol Use,"White, non-Hispanic",12.316666666666668,Missouri,29.0,MO
Montana,Mental Health,Asian/Pacific Islander,,Montana,30.0,MT
Montana,Mental Health,"Black, non-Hispanic",,Montana,30.0,MT
Montana,Mental Health,Hispanic,24.7,Montana,30.0,MT
Montana,Mental Health,Native Am/Alaskan Native,27.71666666666667,Montana,30.0,MT
Montana,Mental Health,"White, non-Hispanic",13.65,Montana,30.0,MT
Montana,Smoking and Alcohol Use,Asian/Pacific Islander,,Montana,30.0,MT
Montana,Smoking and Alcohol Use,"Black, non-Hispanic",,Montana,30.0,MT
Montana,Smoking and Alcohol Use,Hispanic,,Montana,30.0,MT
Montana,Smoking and Alcohol Use,Native Am/Alaskan Native,25.3,Montana,30.0,MT
Montana,Smoking and Alcohol Use,"White, non-Hispanic",11.916666666666666,Montana,30.0,MT
Nebraska,Caregiving,Asian/Pacific Islander,,Nebraska,31.0,NE
Nebraska,Caregiving,"Black, non-Hispanic",,Nebraska,31.0,NE
Nebraska,Caregiving,Hispanic,,Nebraska,31.0,NE
Nebraska,Caregiving,Native Am/Alaskan Native,,Nebraska,31.0,NE
Nebraska,Caregiving,"White, non-Hispanic",31.12,Nebraska,31.0,NE
Nebraska,Cognitive Decline,Asian/Pacific Islander,,Nebraska,31.0,NE
Nebraska,Cognitive Decline,"Black, non-Hispanic",,Nebraska,31.0,NE
Nebraska,Cognitive Decline,Hispanic,,Nebraska,31.0,NE
Nebraska,Cognitive Decline,Native Am/Alaskan Native,,Nebraska,31.0,NE
Nebraska,Cognitive Decline,"White, non-Hispanic",27.733333333333334,Nebraska,31.0,NE
Nebraska,Mental Health,Asian/Pacific Islander,,Nebraska,31.0,NE
Nebraska,Mental Health,"Black, non-Hispanic",,Nebraska,31.0,NE
Nebraska,Mental Health,Hispanic,14.133333333333333,Nebraska,31.0,NE
Nebraska,Mental Health,Native Am/Alaskan Native,,Nebraska,31.0,NE
Nebraska,Mental Health,"White, non-Hispanic",10.5,Nebraska,31.0,NE
Nebraska,Smoking and Alcohol Use,Asian/Pacific Islander,,Nebraska,31.0,NE
Nebraska,Smoking and Alcohol Use,"Black, non-Hispanic",21.9,Nebraska,31.0,NE
Nebraska,Smoking and Alcohol Use,Hispanic,9.95,Nebraska,31.0,NE
Nebraska,Smoking and Alcohol Use,Native Am/Alaskan Native,39.2,Nebraska,31.0,NE
Nebraska,Smoking and Alcohol Use,"White, non-Hispanic",11.716666666666667,Nebraska,31.0,NE
Nevada,Caregiving,Asian/Pacific Islander,,Nevada,32.0,NV
Nevada,Caregiving,"Black, non-Hispanic",,Nevada,32.0,NV
Nevada,Caregiving,Hispanic,7.8,Nevada,32.0,NV
Nevada,Caregiving,Native Am/Alaskan Native,,Nevada,32.0,NV
Nevada,Caregiving,"White, non-Hispanic",36.964285714285715,Nevada,32.0,NV
Nevada,Cognitive Decline,Asian/Pacific Islander,,Nevada,32.0,NV
Nevada,Cognitive Decline,"Black, non-Hispanic",,Nevada,32.0,NV
Nevada,Cognitive Decline,Hispanic,11.1,Nevada,32.0,NV
Nevada,Cognitive Decline,Native Am/Alaskan Native,,Nevada,32.0,NV
Nevada,Cognitive Decline,"White, non-Hispanic",27.64090909090909,Nevada,32.0,NV
Nevada,Mental Health,Asian/Pacific Islander,,Nevada,32.0,NV
Nevada,Mental Health,"Black, non-Hispanic",,Nevada,32.0,NV
Nevada,Mental Health,Hispanic,15.48,Nevada,32.0,NV
Nevada,Mental Health,Native Am/Alaskan Native,,Nevada,32.0,NV
Nevada,Mental Health,"White, non-Hispanic",15.4,Nevada,32.0,NV
Nevada,Smoking and Alcohol Use,Asian/Pacific Islander,,Nevada,32.0,NV
Nevada,Smoking and Alcohol Use,"Black, non-Hispanic",17.5,Nevada,32.0,NV
Nevada,Smoking and Alcohol Use,Hispanic,15.25,Nevada,32.0,NV
Nevada,Smoking and Alcohol Use,Native Am/Alaskan Native,,Nevada,32.0,NV
Nevada,Smoking and Alcohol Use,"White, non-Hispanic",13.6,Nevada,32.0,NV
New Hampshire,Caregiving,Asian/Pacific Islander,,New Hampshire,33.0,NH
New Hampshire,Caregiving,"Black, non-Hispanic",,New Hampshire,33.0,NH
New Hampshire,Caregiving,Hispanic,,New Hampshire,33.0,NH
New Hampshire,Caregiving,Native Am/Alaskan Native,,New Hampshire,33.0,NH
New Hampshire,Caregiving,"White, non-Hispanic",33.25333333333334,New Hampshire,33.0,NH
New Hampshire,Cognitive Decline,Asian/Pacific Islander,,New Hampshire,33.0,NH
New Hampshire,Cognitive Decline,"Black, non-Hispanic",,New Hampshire,33.0,NH
New Hampshire,Cognitive Decline,Hispanic,,New Hampshire,33.0,NH
New Hampshire,Cognitive Decline,Native Am/Alaskan Native,,New Hampshire,33.0,NH
New Hampshire,Cognitive Decline,"White, non-Hispanic",27.183333333333334,New Hampshire,33.0,NH
New Hampshire,Mental Health,Asian/Pacific Islander,,New Hampshire,33.0,NH
New Hampshire,Mental Health,"Black, non-Hispanic",,New Hampshire,33.0,NH
New Hampshire,Mental Health,Hispanic,,New Hampshire,33.0,NH
New Hampshire,Mental Health,Native Am/Alaskan Native,,New Hampshire,33.0,NH
New Hampshire,Mental Health,"White, non-Hispanic",14.633333333333333,New Hampshire,33.0,NH
New Hampshire,Smoking and Alcohol Use,Asian/Pacific Islander,,New Hampshire,33.0,NH
New Hampshire,Smoking and Alcohol Use,"Black, non-Hispanic",,New Hampshire,33.0,NH
New Hampshire,Smoking and Alcohol Use,Hispanic,,New Hampshire,33.0,NH
New Hampshire,Smoking and Alcohol Use,Native Am/Alaskan Native,,New Hampshire,33.0,NH
New Hampshire,Smoking and Alcohol Use,"White, non-Hispanic",10.950000000000001,New Hampshire,33.0,NH
New Jersey,Caregiving,Asian/Pacific Islander,22.266666666666666,New Jersey,34.0,NJ
New Jersey,Caregiving,"Black, non-Hispanic",30.310000000000002,New Jersey,34.0,NJ
New Jersey,Caregiving,Hispanic,35.358333333333334,New Jersey,34.0,NJ
New Jersey,Caregiving,Native Am/Alaskan Native,,New Jersey,34.0,NJ
New Jersey,Caregiving,"White, non-Hispanic",32.46,New Jersey,34.0,NJ
New Jersey,Mental Health,Asian/Pacific Islander,,New Jersey,34.0,NJ
New Jersey,Mental Health,"Black, non-Hispanic",11.4,New Jersey,34.0,NJ
New Jersey,Mental Health,Hispanic,14.200000000000001,New Jersey,34.0,NJ
New Jersey,Mental Health,Native Am/Alaskan Native,,New Jersey,34.0,NJ
New Jersey,Mental Health,"White, non-Hispanic",12.633333333333333,New Jersey,34.0,NJ
New Jersey,Smoking and Alcohol Use,Asian/Pacific Islander,,New Jersey,34.0,NJ
New Jersey,Smoking and Alcohol Use,"Black, non-Hispanic",10.2,New Jersey,34.0,NJ
New Jersey,Smoking and Alcohol Use,Hispanic,13.6,New Jersey,34.0,NJ
New Jersey,Smoking and Alcohol Use,Native Am/Alaskan Native,,New Jersey,34.0,NJ
New Jersey,Smoking and Alcohol Use,"White, non-Hispanic",9.9,New Jersey,34.0,NJ
New Mexico,Caregiving,Asian/Pacific Islander,,New Mexico,35.0,NM
New Mexico,Caregiving,"Black, non-Hispanic",,New Mexico,35.0,NM
New Mexico,Caregiving,Hispanic,38.093333333333334,New Mexico,35.0,NM
New Mexico,Caregiving,Native Am/Alaskan Native,31.766666666666666,New Mexico,35.0,NM
New Mexico,Caregiving,"White, non-Hispanic",35.34,New Mexico,35.0,NM
New Mexico,Cognitive Decline,Asian/Pacific Islander,,New Mexico,35.0,NM
New Mexico,Cognitive Decline,"Black, non-Hispanic",,New Mexico,35.0,NM
New Mexico,Cognitive Decline,Hispanic,42.225,New Mexico,35.0,NM
New Mexico,Cognitive Decline,Native Am/Alaskan Native,15.5,New Mexico,35.0,NM
New Mexico,Cognitive Decline,"White, non-Hispanic",31.883333333333336,New Mexico,35.0,NM
New Mexico,Mental Health,Asian/Pacific Islander,,New Mexico,35.0,NM
New Mexico,Mental Health,"Black, non-Hispanic",,New Mexico,35.0,NM
New Mexico,Mental Health,Hispanic,15.0,New Mexico,35.0,NM
New Mexico,Mental Health,Native Am/Alaskan Native,16.933333333333334,New Mexico,35.0,NM
New Mexico,Mental Health,"White, non-Hispanic",15.616666666666667,New Mexico,35.0,NM
New Mexico,Smoking and Alcohol Use,Asian/Pacific Islander,,New Mexico,35.0,NM
New Mexico,Smoking and Alcohol Use,"Black, non-Hispanic",,New Mexico,35.0,NM
New Mexico,Smoking and Alcohol Use,Hispanic,13.6,New Mexico,35.0,NM
New Mexico,Smoking and Alcohol Use,Native Am/Alaskan Native,10.9,New Mexico,35.0,NM
New Mexico,Smoking and Alcohol Use,"White, non-Hispanic",10.166666666666666,New Mexico,35.0,NM
New York,Caregiving,Asian/Pacific Islander,31.4,New York,36.0,NY
New York,Caregiving,"Black, non-Hispanic",29.525000000000002,New York,36.0,NY
New York,Caregiving,Hispanic,26.5375,New York,36.0,NY
New York,Caregiving,Native Am/Alaskan Native,,New York,36.0,NY
New York,Caregiving,"White, non-Hispanic",32.78666666666667,New York,36.0,NY
New York,Cognitive Decline,Asian/Pacific Islander,16.2,New York,36.0,NY
New York,Cognitive Decline,"Black, non-Hispanic",26.516666666666666,New York,36.0,NY
New York,Cognitive Decline,Hispanic,36.233333333333334,New York,36.0,NY
New York,Cognitive Decline,Native Am/Alaskan Native,,New York,36.0,NY
New York,Cognitive Decline,"White, non-Hispanic",28.55,New York,36.0,NY
New York,Mental Health,Asian/Pacific Islander,10.299999999999999,New York,36.0,NY
New York,Mental Health,"Black, non-Hispanic",10.85,New York,36.0,NY
New York,Mental Health,Hispanic,19.01666666666667,New York,36.0,NY
New York,Mental Health,Native Am/Alaskan Native,,New York,36.0,NY
New York,Mental Health,"White, non-Hispanic",13.75,New York,36.0,NY
New York,Smoking and Alcohol Use,Asian/Pacific Islander,,New York,36.0,NY
New York,Smoking and Alcohol Use,"Black, non-Hispanic",9.666666666666666,New York,36.0,NY
New York,Smoking and Alcohol Use,Hispanic,11.48,New York,36.0,NY
New York,Smoking and Alcohol Use,Native Am/Alaskan Native,,New York,36.0,NY
New York,Smoking and Alcohol Use,"White, non-Hispanic",10.716666666666667,New York,36.0,NY
North Carolina,Caregiving,Asian/Pacific Islander,,North Carolina,37.0,NC
North Carolina,Caregiving,"Black, non-Hispanic",33.53636363636363,North Carolina,37.0,NC
North Carolina,Caregiving,Hispanic,,North Carolina,37.0,NC
North Carolina,Caregiving,Native Am/Alaskan Native,22.0,North Carolina,37.0,NC
North Carolina,Caregiving,"White, non-Hispanic",35.82,North Carolina,37.0,NC
North Carolina,Cognitive Decline,Asian/Pacific Islander,,North Carolina,37.0,NC
North Carolina,Cognitive Decline,"Black, non-Hispanic",5.966666666666666,North Carolina,37.0,NC
North Carolina,Cognitive Decline,Hispanic,,North Carolina,37.0,NC
North Carolina,Cognitive Decline,Native Am/Alaskan Native,31.85,North Carolina,37.0,NC
North Carolina,Cognitive Decline,"White, non-Hispanic",34.07272727272727,North Carolina,37.0,NC
North Carolina,Mental Health,Asian/Pacific Islander,,North Carolina,37.0,NC
North Carolina,Mental Health,"Black, non-Hispanic",13.833333333333334,North Carolina,37.0,NC
North Carolina,Mental Health,Hispanic,,North Carolina,37.0,NC
North Carolina,Mental Health,Native Am/Alaskan Native,18.4,North Carolina,37.0,NC
North Carolina,Mental Health,"White, non-Hispanic",15.700000000000001,North Carolina,37.0,NC
North Carolina,Smoking and Alcohol Use,Asian/Pacific Islander,,North Carolina,37.0,NC
North Carolina,Smoking and Alcohol Use,"Black, non-Hispanic",10.375,North Carolina,37.0,NC
North Carolina,Smoking and Alcohol Use,Hispanic,,North Carolina,37.0,NC
North Carolina,Smoking and Alcohol Use,Native Am/Alaskan Native,24.6,North Carolina,37.0,NC
North Carolina,Smoking and Alcohol Use,"White, non-Hispanic",11.283333333333333,North Carolina,37.0,NC
North Dakota,Caregiving,Asian/Pacific Islander,,North Dakota,38.0,ND
North Dakota,Caregiving,"Black, non-Hispanic",,North Dakota,38.0,ND
North Dakota,Caregiving,Hispanic,,North Dakota,38.0,ND
North Dakota,Caregiving,Native Am/Alaskan Native,34.36666666666667,North Dakota,38.0,ND
North Dakota,Caregiving,"White, non-Hispanic",30.973333333333333,North Dakota,38.0,ND
North Dakota,Cognitive Decline,Asian/Pacific Islander,,North Dakota,38.0,ND
North Dakota,Cognitive Decline,"Black, non-Hispanic",,North Dakota,38.0,ND
North Dakota,Cognitive Decline,Hispanic,,North Dakota,38.0,ND
North Dakota,Cognitive Decline,Native Am/Alaskan Native,,North Dakota,38.0,ND
North Dakota,Cognitive Decline,"White, non-Hispanic",20.258333333333333,North Dakota,38.0,ND
North Dakota,Mental Health,Asian/Pacific Islander,,North Dakota,38.0,ND
North Dakota,Mental Health,"Black, non-Hispanic",,North Dakota,38.0,ND
North Dakota,Mental Health,Hispanic,,North Dakota,38.0,ND
North Dakota,Mental Health,Native Am/Alaskan Native,19.6,North Dakota,38.0,ND
North Dakota,Mental Health,"White, non-Hispanic",11.983333333333334,North Dakota,38.0,ND
North Dakota,Smoking and Alcohol Use,Asian/Pacific Islander,,North Dakota,38.0,ND
North Dakota,Smoking and Alcohol Use,"Black, non-Hispanic",,North Dakota,38.0,ND
North Dakota,Smoking and Alcohol Use,Hispanic,,North Dakota,38.0,ND
North Dakota,Smoking and Alcohol Use,Native Am/Alaskan Native,33.9,North Dakota,38.0,ND
North Dakota,Smoking and Alcohol Use,"White, non-Hispanic",12.916666666666666,North Dakota,38.0,ND
Northeast,Caregiving,Asian/Pacific Islander,37.68333333333333,Northeast,,
Northeast,Caregiving,"Black, non-Hispanic",33.18666666666667,Northeast,,
Northeast,Caregiving,Hispanic,33.28666666666666,Northeast,,
Northeast,Caregiving,Native Am/Alaskan Native,31.893333333333334,Northeast,,
Northeast,Caregiving,"White, non-Hispanic",35.120000000000005,Northeast,,
Northeast,Cognitive Decline,Asian/Pacific Islander,36.895833333333336,Northeast,,
Northeast,Cognitive Decline,"Black, non-Hispanic",37.55416666666667,Northeast,,
Northeast,Cognitive Decline,Hispanic,45.43333333333334,Northeast,,
Northeast,Cognitive Decline,Native Am/Alaskan Native,40.358333333333334,Northeast,,
Northeast,Cognitive Decline,"White, non-Hispanic",27.933333333333334,Northeast,,
Northeast,Mental Health,Asian/Pacific Islander,9.566666666666666,Northeast,,
Northeast,Mental Health,"Black, non-Hispanic",11.266666666666666,Northeast,,
Northeast,Mental Health,Hispanic,17.45,Northeast,,
Northeast,Mental Health,Native Am/Alaskan Native,17.633333333333333,Northeast,,
Northeast,Mental Health,"White, non-Hispanic",13.933333333333332,Northeast,,
Northeast,Smoking and Alcohol Use,Asian/Pacific Islander,6.15,Northeast,,
Northeast,Smoking and Alcohol Use,"Black, non-Hispanic",10.583333333333334,Northeast,,
Northeast,Smoking and Alcohol Use,Hispanic,10.766666666666666,Northeast,,
Northeast,Smoking and Alcohol Use,Native Am/Alaskan Native,21.4,Northeast,,
Northeast,Smoking and Alcohol Use,"White, non-Hispanic",10.916666666666666,Northeast,,
Ohio,Caregiving,Asian/Pacific Islander,,Ohio,39.0,OH
Ohio,Caregiving,"Black, non-Hispanic",31.59090909090909,Ohio,39.0,OH
Ohio,Caregiving,Hispanic,25.96666666666667,Ohio,39.0,OH
Ohio,Caregiving,Native Am/Alaskan Native,,Ohio,39.0,OH
Ohio,Caregiving,"White, non-Hispanic",33.81333333333333,Ohio,39.0,OH
Ohio,Cognitive Decline,Asian/Pacific Islander,,Ohio,39.0,OH
Ohio,Cognitive Decline,"Black, non-Hispanic",11.85,Ohio,39.0,OH
Ohio,Cognitive Decline,Hispanic,,Ohio,39.0,OH
Ohio,Cognitive Decline,Native Am/Alaskan Native,,Ohio,39.0,OH
Ohio,Cognitive Decline,"White, non-Hispanic",31.90416666666667,Ohio,39.0,OH
Ohio,Mental Health,Asian/Pacific Islander,,Ohio,39.0,OH
Ohio,Mental Health,"Black, non-Hispanic",15.0,Ohio,39.0,OH
Ohio,Mental Health,Hispanic,19.9,Ohio,39.0,OH
Ohio,Mental Health,Native Am/Alaskan Native,38.6,Ohio,39.0,OH
Ohio,Mental Health,"White, non-Hispanic",15.9,Ohio,39.0,OH
Ohio,Smoking and Alcohol Use,Asian/Pacific Islander,,Ohio,39.0,OH
Ohio,Smoking and Alcohol Use,"Black, non-Hispanic",19.3,Ohio,39.0,OH
Ohio,Smoking and Alcohol Use,Hispanic,21.85,Ohio,39.0,OH
Ohio,Smoking and Alcohol Use,Native Am/Alaskan Native,,Ohio,39.0,OH
Ohio,Smoking and Alcohol Use,"White, non-Hispanic",13.133333333333333,Ohio,39.0,OH
Oklahoma,Caregiving,Asian/Pacific Islander,,Oklahoma,40.0,OK
Oklahoma,Caregiving,"Black, non-Hispanic",18.9,Oklahoma,40.0,OK
Oklahoma,Caregiving,Hispanic,,Oklahoma,40.0,OK
Oklahoma,Caregiving,Native Am/Alaskan Native,27.0,Oklahoma,40.0,OK
Oklahoma,Caregiving,"White, non-Hispanic",34.72666666666667,Oklahoma,40.0,OK
Oklahoma,Cognitive Decline,Asian/Pacific Islander,,Oklahoma,40.0,OK
Oklahoma,Cognitive Decline,"Black, non-Hispanic",19.8,Oklahoma,40.0,OK
Oklahoma,Cognitive Decline,Hispanic,18.1,Oklahoma,40.0,OK
Oklahoma,Cognitive Decline,Native Am/Alaskan Native,15.100000000000001,Oklahoma,40.0,OK
Oklahoma,Cognitive Decline,"White, non-Hispanic",32.86666666666667,Oklahoma,40.0,OK
Oklahoma,Mental Health,Asian/Pacific Islander,,Oklahoma,40.0,OK
Oklahoma,Mental Health,"Black, non-Hispanic",15.3,Oklahoma,40.0,OK
Oklahoma,Mental Health,Hispanic,17.1,Oklahoma,40.0,OK
Oklahoma,Mental Health,Native Am/Alaskan Native,28.919999999999998,Oklahoma,40.0,OK
Oklahoma,Mental Health,"White, non-Hispanic",18.016666666666666,Oklahoma,40.0,OK
Oklahoma,Smoking and Alcohol Use,Asian/Pacific Islander,,Oklahoma,40.0,OK
Oklahoma,Smoking and Alcohol Use,"Black, non-Hispanic",14.100000000000001,Oklahoma,40.0,OK
Oklahoma,Smoking and Alcohol Use,Hispanic,18.950000000000003,Oklahoma,40.0,OK
Oklahoma,Smoking and Alcohol Use,Native Am/Alaskan Native,17.725,Oklahoma,40.0,OK
Oklahoma,Smoking and Alcohol Use,"White, non-Hispanic",11.033333333333333,Oklahoma,40.0,OK
Oregon,Caregiving,Asian/Pacific Islander,,Oregon,41.0,OR
Oregon,Caregiving,"Black, non-Hispanic",,Oregon,41.0,OR
Oregon,Caregiving,Hispanic,12.700000000000001,Oregon,41.0,OR
Oregon,Caregiving,Native Am/Alaskan Native,,Oregon,41.0,OR
Oregon,Caregiving,"White, non-Hispanic",36.440000000000005,Oregon,41.0,OR
Oregon,Cognitive Decline,Asian/Pacific Islander,,Oregon,41.0,OR
Oregon,Cognitive Decline,"Black, non-Hispanic",,Oregon,41.0,OR
Oregon,Cognitive Decline,Hispanic,14.3,Oregon,41.0,OR
Oregon,Cognitive Decline,Native Am/Alaskan Native,,Oregon,41.0,OR
Oregon,Cognitive Decline,"White, non-Hispanic",26.545454545454547,Oregon,41.0,OR
Oregon,Mental Health,Asian/Pacific Islander,,Oregon,41.0,OR
Oregon,Mental Health,"Black, non-Hispanic",,Oregon,41.0,OR
Oregon,Mental Health,Hispanic,16.65,Oregon,41.0,OR
Oregon,Mental Health,Native Am/Alaskan Native,,Oregon,41.0,OR
Oregon,Mental Health,"White, non-Hispanic",16.633333333333333,Oregon,41.0,OR
Oregon,Smoking and Alcohol Use,Asian/Pacific Islander,,Oregon,41.0,OR
Oregon,Smoking and Alcohol Use,"Black, non-Hispanic",,Oregon,41.0,OR
Oregon,Smoking and Alcohol Use,Hispanic,12.933333333333332,Oregon,41.0,OR
Oregon,Smoking and Alcohol Use,Native Am/Alaskan Native,,Oregon,41.0,OR
Oregon,Smoking and Alcohol Use,"White, non-Hispanic",11.733333333333334,Oregon,41.0,OR
Pennsylvania,Caregiving,Asian/Pacific Islander,,Pennsylvania,42.0,PA
Pennsylvania,Caregiving,"Black, non-Hispanic",15.3,Pennsylvania,42.0,PA
Pennsylvania,Caregiving,Hispanic,,Pennsylvania,42.0,PA
Pennsylvania,Caregiving,Native Am/Alaskan Native,,Pennsylvania,42.0,PA
Pennsylvania,Caregiving,"White, non-Hispanic",37.56666666666667,Pennsylvania,42.0,PA
Pennsylvania,Cognitive Decline,Asian/Pacific Islander,,Pennsylvania,42.0,PA
Pennsylvania,Cognitive Decline,"Black, non-Hispanic",16.733333333333334,Pennsylvania,42.0,PA
Pennsylvania,Cognitive Decline,Hispanic,,Pennsylvania,42.0,PA
Pennsylvania,Cognitive Decline,Native Am/Alaskan Native,,Pennsylvania,42.0,PA
Pennsylvania,Cognitive Decline,"White, non-Hispanic",28.349999999999998,Pennsylvania,42.0,PA
Pennsylvania,Mental Health,Asian/Pacific Islander,,Pennsylvania,42.0,PA
Pennsylvania,Mental Health,"Black, non-Hispanic",14.8,Pennsylvania,42.0,PA
Pennsylvania,Mental Health,Hispanic,,Pennsylvania,42.0,PA
Pennsylvania,Mental Health,Native Am/Alaskan Native,,Pennsylvania,42.0,PA
Pennsylvania,Mental Health,"White, non-Hispanic",14.216666666666667,Pennsylvania,42.0,PA
Pennsylvania,Smoking and Alcohol Use,Asian/Pacific Islander,,Pennsylvania,42.0,PA
Pennsylvania,Smoking and Alcohol Use,"Black, non-Hispanic",14.933333333333332,Pennsylvania,42.0,PA
Pennsylvania,Smoking and Alcohol Use,Hispanic,,Pennsylvania,42.0,PA
Pennsylvania,Smoking and Alcohol Use,Native Am/Alaskan Native,,Pennsylvania,42.0,PA
Pennsylvania,Smoking and Alcohol Use,"White, non-Hispanic",12.4,Pennsylvania,42.0,PA
Puerto Rico,Caregiving,Asian/Pacific Islander,,Puerto Rico,72.0,PR
Puerto Rico,Caregiving,"Black, non-Hispanic",,Puerto Rico,72.0,PR
Puerto Rico,Caregiving,Hispanic,40.20666666666667,Puerto Rico,72.0,PR
Puerto Rico,Caregiving,"White, non-Hispanic",,Puerto Rico,72.0,PR
Puerto Rico,Cognitive Decline,Asian/Pacific Islander,,Puerto Rico,72.0,PR
Puerto Rico,Cognitive Decline,Hispanic,47.7125,Puerto Rico,72.0,PR
Puerto Rico,Cognitive Decline,"White, non-Hispanic",,Puerto Rico,72.0,PR
Puerto Rico,Mental Health,Asian/Pacific Islander,,Puerto Rico,72.0,PR
Puerto Rico,Mental Health,"Black, non-Hispanic",,Puerto Rico,72.0,PR
Puerto Rico,Mental Health,Hispanic,18.233333333333334,Puerto Rico,72.0,PR
Puerto Rico,Mental Health,"White, non-Hispanic",,Puerto Rico,72.0,PR
Puerto Rico,Smoking and Alcohol Use,Asian/Pacific Islander,,Puerto Rico,72.0,PR
Puerto Rico,Smoking and Alcohol Use,"Black, non-Hispanic",,Puerto Rico,72.0,PR
Puerto Rico,Smoking and Alcohol Use,Hispanic,9.0,Puerto Rico,72.0,PR
Puerto Rico,Smoking and Alcohol Use,"White, non-Hispanic",,Puerto Rico,72.0,PR
Rhode Island,Caregiving,Asian/Pacific Islander,,Rhode Island,44.0,RI
Rhode Island,Caregiving,"Black, non-Hispanic",20.75,Rhode Island,44.0,RI
Rhode Island,Caregiving,Hispanic,18.575,Rhode Island,44.0,RI
Rhode Island,Caregiving,Native Am/Alaskan Native,,Rhode Island,44.0,RI
Rhode Island,Caregiving,"White, non-Hispanic",32.78,Rhode Island,44.0,RI
Rhode Island,Cognitive Decline,Asian/Pacific Islander,,Rhode Island,44.0,RI
Rhode Island,Cognitive Decline,"Black, non-Hispanic",,Rhode Island,44.0,RI
Rhode Island,Cognitive Decline,Hispanic,28.35,Rhode Island,44.0,RI
Rhode Island,Cognitive Decline,Native Am/Alaskan Native,,Rhode Island,44.0,RI
Rhode Island,Cognitive Decline,"White, non-Hispanic",28.708333333333332,Rhode Island,44.0,RI
Rhode Island,Mental Health,Asian/Pacific Islander,,Rhode Island,44.0,RI
Rhode Island,Mental Health,"Black, non-Hispanic",18.4,Rhode Island,44.0,RI
Rhode Island,Mental Health,Hispanic,21.98,Rhode Island,44.0,RI
Rhode Island,Mental Health,Native Am/Alaskan Native,,Rhode Island,44.0,RI
Rhode Island,Mental Health,"White, non-Hispanic",13.25,Rhode Island,44.0,RI
Rhode Island,Smoking and Alcohol Use,Asian/Pacific Islander,,Rhode Island,44.0,RI
Rhode Island,Smoking and Alcohol Use,"Black, non-Hispanic",,Rhode Island,44.0,RI
Rhode Island,Smoking and Alcohol Use,Hispanic,14.225000000000001,Rhode Island,44.0,RI
Rhode Island,Smoking and Alcohol Use,Native Am/Alaskan Native,,Rhode Island,44.0,RI
Rhode Island,Smoking and Alcohol Use,"White, non-Hispanic",10.633333333333333,Rhode Island,44.0,RI
South,Caregiving,Asian/Pacific Islander,34.15,South,,
South,Caregiving,"Black, non-Hispanic",35.766666666666666,South,,
South,Caregiving,Hispanic,31.41,South,,
South,Caregiving,Native Am/Alaskan Native,40.230000000000004,South,,
South,Caregiving,"White, non-Hispanic",35.373333333333335,South,,
South,Cognitive Decline,Asian/Pacific Islander,24.695833333333336,South,,
South,Cognitive Decline,"Black, non-Hispanic",35.81666666666667,South,,
South,Cognitive Decline,Hispanic,42.15416666666667,South,,
South,Cognitive Decline,Native Am/Alaskan Native,43.00833333333333,South,,
South,Cognitive Decline,"White, non-Hispanic",31.27916666666667,South,,
South,Mental Health,Asian/Pacific Islander,9.033333333333333,South,,
South,Mental Health,"Black, non-Hispanic",13.816666666666668,South,,
South,Mental Health,Hispanic,14.916666666666666,South,,
South,Mental Health,Native Am/Alaskan Native,23.05,South,,
South,Mental Health,"White, non-Hispanic",16.233333333333334,South,,
South,Smoking and Alcohol Use,Asian/Pacific Islander,6.25,South,,
South,Smoking and Alcohol Use,"Black, non-Hispanic",10.383333333333333,South,,
South,Smoking and Alcohol Use,Hispanic,10.48,South,,
South,Smoking and Alcohol Use,Native Am/Alaskan Native,21.14,South,,
South,Smoking and Alcohol Use,"White, non-Hispanic",11.299999999999999,South,,
South Carolina,Caregiving,Asian/Pacific Islander,,South Carolina,45.0,SC
South Carolina,Caregiving,"Black, non-Hispanic",37.013333333333335,South Carolina,45.0,SC
South Carolina,Caregiving,Hispanic,16.3,South Carolina,45.0,SC
South Carolina,Caregiving,Native Am/Alaskan Native,30.3,South Carolina,45.0,SC
South Carolina,Caregiving,"White, non-Hispanic",35.2,South Carolina,45.0,SC
South Carolina,Cognitive Decline,Asian/Pacific Islander,,South Carolina,45.0,SC
South Carolina,Cognitive Decline,"Black, non-Hispanic",35.10833333333333,South Carolina,45.0,SC
South Carolina,Cognitive Decline,Hispanic,,South Carolina,45.0,SC
South Carolina,Cognitive Decline,Native Am/Alaskan Native,,South Carolina,45.0,SC
South Carolina,Cognitive Decline,"White, non-Hispanic",31.13333333333333,South Carolina,45.0,SC
South Carolina,Mental Health,Asian/Pacific Islander,,South Carolina,45.0,SC
South Carolina,Mental Health,"Black, non-Hispanic",14.216666666666667,South Carolina,45.0,SC
South Carolina,Mental Health,Hispanic,,South Carolina,45.0,SC
South Carolina,Mental Health,Native Am/Alaskan Native,,South Carolina,45.0,SC
South Carolina,Mental Health,"White, non-Hispanic",14.799999999999999,South Carolina,45.0,SC
South Carolina,Smoking and Alcohol Use,Asian/Pacific Islander,,South Carolina,45.0,SC
South Carolina,Smoking and Alcohol Use,"Black, non-Hispanic",12.799999999999999,South Carolina,45.0,SC
South Carolina,Smoking and Alcohol Use,Hispanic,,South Carolina,45.0,SC
South Carolina,Smoking and Alcohol Use,Native Am/Alaskan Native,,South Carolina,45.0,SC
South Carolina,Smoking and Alcohol Use,"White, non-Hispanic",12.049999999999999,South Carolina,45.0,SC
South Dakota,Caregiving,Asian/Pacific Islander,,South Dakota,46.0,SD
South Dakota,Caregiving,"Black, non-Hispanic",,South Dakota,46.0,SD
South Dakota,Caregiving,Hispanic,,South Dakota,46.0,SD
South Dakota,Caregiving,Native Am/Alaskan Native,41.871428571428574,South Dakota,46.0,SD
South Dakota,Caregiving,"White, non-Hispanic",31.006666666666668,South Dakota,46.0,SD
South Dakota,Cognitive Decline,Asian/Pacific Islander,,South Dakota,46.0,SD
South Dakota,Cognitive Decline,"Black, non-Hispanic",,South Dakota,46.0,SD
South Dakota,Cognitive Decline,Hispanic,,South Dakota,46.0,SD
South Dakota,Cognitive Decline,Native Am/Alaskan Native,,South Dakota,46.0,SD
South Dakota,Cognitive Decline,"White, non-Hispanic",24.463636363636365,South Dakota,46.0,SD
South Dakota,Mental Health,Asian/Pacific Islander,,South Dakota,46.0,SD
South Dakota,Mental Health,"Black, non-Hispanic",,South Dakota,46.0,SD
South Dakota,Mental Health,Hispanic,,South Dakota,46.0,SD
South Dakota,Mental Health,Native Am/Alaskan Native,,South Dakota,46.0,SD
South Dakota,Mental Health,"White, non-Hispanic",12.033333333333333,South Dakota,46.0,SD
South Dakota,Smoking and Alcohol Use,Asian/Pacific Islander,,South Dakota,46.0,SD
South Dakota,Smoking and Alcohol Use,"Black, non-Hispanic",,South Dakota,46.0,SD
South Dakota,Smoking and Alcohol Use,Hispanic,,South Dakota,46.0,SD
South Dakota,Smoking and Alcohol Use,Native Am/Alaskan Native,35.725,South Dakota,46.0,SD
South Dakota,Smoking and Alcohol Use,"White, non-Hispanic",9.883333333333333,South Dakota,46.0,SD
Tennessee,Cognitive Decline,Asian/Pacific Islander,,Tennessee,47.0,TN
Tennessee,Cognitive Decline,"Black, non-Hispanic",38.81111111111111,Tennessee,47.0,TN
Tennessee,Cognitive Decline,Hispanic,,Tennessee,47.0,TN
Tennessee,Cognitive Decline,Native Am/Alaskan Native,26.7,Tennessee,47.0,TN
Tennessee,Cognitive Decline,"White, non-Hispanic",35.416666666666664,Tennessee,47.0,TN
Tennessee,Mental Health,Asian/Pacific Islander,,Tennessee,47.0,TN
Tennessee,Mental Health,"Black, non-Hispanic",16.380000000000003,Tennessee,47.0,TN
Tennessee,Mental Health,Hispanic,,Tennessee,47.0,TN
Tennessee,Mental Health,Native Am/Alaskan Native,,Tennessee,47.0,TN
Tennessee,Mental Health,"White, non-Hispanic",19.883333333333333,Tennessee,47.0,TN
Tennessee,Smoking and Alcohol Use,Asian/Pacific Islander,,Tennessee,47.0,TN
Tennessee,Smoking and Alcohol Use,"Black, non-Hispanic",17.075,Tennessee,47.0,TN
Tennessee,Smoking and Alcohol Use,Hispanic,,Tennessee,47.0,TN
Tennessee,Smoking and Alcohol Use,Native Am/Alaskan Native,,Tennessee,47.0,TN
Tennessee,Smoking and Alcohol Use,"White, non-Hispanic",12.316666666666668,Tennessee,47.0,TN
Texas,Caregiving,Asian/Pacific Islander,,Texas,48.0,TX
Texas,Caregiving,"Black, non-Hispanic",33.92,Texas,48.0,TX
Texas,Caregiving,Hispanic,33.32666666666667,Texas,48.0,TX
Texas,Caregiving,Native Am/Alaskan Native,,Texas,48.0,TX
Texas,Caregiving,"White, non-Hispanic",36.15333333333333,Texas,48.0,TX
Texas,Cognitive Decline,Asian/Pacific Islander,,Texas,48.0,TX
Texas,Cognitive Decline,"Black, non-Hispanic",43.19166666666666,Texas,48.0,TX
Texas,Cognitive Decline,Hispanic,39.44166666666667,Texas,48.0,TX
Texas,Cognitive Decline,Native Am/Alaskan Native,,Texas,48.0,TX
Texas,Cognitive Decline,"White, non-Hispanic",30.224999999999998,Texas,48.0,TX
Texas,Mental Health,Asian/Pacific Islander,,Texas,48.0,TX
Texas,Mental Health,"Black, non-Hispanic",16.533333333333335,Texas,48.0,TX
Texas,Mental Health,Hispanic,13.683333333333332,Texas,48.0,TX
Texas,Mental Health,Native Am/Alaskan Native,,Texas,48.0,TX
Texas,Mental Health,"White, non-Hispanic",15.066666666666668,Texas,48.0,TX
Texas,Smoking and Alcohol Use,Asian/Pacific Islander,,Texas,48.0,TX
Texas,Smoking and Alcohol Use,"Black, non-Hispanic",11.3,Texas,48.0,TX
Texas,Smoking and Alcohol Use,Hispanic,10.05,Texas,48.0,TX
Texas,Smoking and Alcohol Use,Native Am/Alaskan Native,,Texas,48.0,TX
Texas,Smoking and Alcohol Use,"White, non-Hispanic",10.516666666666667,Texas,48.0,TX
"United States, DC & Territories",Caregiving,Asian/Pacific Islander,33.67666666666666,"United States, DC & Territories",,
"United States, DC & Territories",Caregiving,"Black, non-Hispanic",35.61333333333334,"United States, DC & Territories",,
"United States, DC & Territories",Caregiving,Hispanic,34.736666666666665,"United States, DC & Territories",,
"United States, DC & Territories",Caregiving,Native Am/Alaskan Native,37.2,"United States, DC & Territories",,
"United States, DC & Territories",Caregiving,"White, non-Hispanic",34.49,"United States, DC & Territories",,
"United States, DC & Territories",Cognitive Decline,Asian/Pacific Islander,23.770833333333332,"United States, DC & Territories",,
"United States, DC & Territories",Cognitive Decline,"Black, non-Hispanic",38.55416666666667,"United States, DC & Territories",,
"United States, DC & Territories",Cognitive Decline,Hispanic,39.57083333333333,"United States, DC & Territories",,
"United States, DC & Territories",Cognitive Decline,Native Am/Alaskan Native,41.71666666666667,"United States, DC & Territories",,
"United States, DC & Territories",Cognitive Decline,"White, non-Hispanic",29.816666666666666,"United States, DC & Territories",,
"United States, DC & Territories",Mental Health,Asian/Pacific Islander,8.133333333333333,"United States, DC & Territories",,
"United States, DC & Territories",Mental Health,"Black, non-Hispanic",13.783333333333333,"United States, DC & Territories",,
"United States, DC & Territories",Mental Health,Hispanic,14.883333333333335,"United States, DC & Territories",,
"United States, DC & Territories",Mental Health,Native Am/Alaskan Native,20.383333333333333,"United States, DC & Territories",,
"United States, DC & Territories",Mental Health,"White, non-Hispanic",15.033333333333333,"United States, DC & Territories",,
"United States, DC & Territories",Smoking and Alcohol Use,Asian/Pacific Islander,6.92,"United States, DC & Territories",,
"United States, DC & Territories",Smoking and Alcohol Use,"Black, non-Hispanic",11.199999999999998,"United States, DC & Territories",,
"United States, DC & Territories",Smoking and Alcohol Use,Hispanic,10.133333333333333,"United States, DC & Territories",,
"United States, DC & Territories",Smoking and Alcohol Use,Native Am/Alaskan Native,17.033333333333335,"United States, DC & Territories",,
"United States, DC & Territories",Smoking and Alcohol Use,"White, non-Hispanic",11.299999999999999,"United States, DC & Territories",,
Utah,Caregiving,Asian/Pacific Islander,,Utah,49.0,UT
Utah,Caregiving,"Black, non-Hispanic",,Utah,49.0,UT
Utah,Caregiving,Hispanic,21.619999999999997,Utah,49.0,UT
Utah,Caregiving,Native Am/Alaskan Native,,Utah,49.0,UT
Utah,Caregiving,"White, non-Hispanic",32.53333333333333,Utah,49.0,UT
Utah,Cognitive Decline,Asian/Pacific Islander,,Utah,49.0,UT
Utah,Cognitive Decline,"Black, non-Hispanic",,Utah,49.0,UT
Utah,Cognitive Decline,Hispanic,19.266666666666666,Utah,49.0,UT
Utah,Cognitive Decline,Native Am/Alaskan Native,,Utah,49.0,UT
Utah,Cognitive Decline,"White, non-Hispanic",27.983333333333334,Utah,49.0,UT
Utah,Mental Health,Asian/Pacific Islander,,Utah,49.0,UT
Utah,Mental Health,"Black, non-Hispanic",,Utah,49.0,UT
Utah,Mental Health,Hispanic,14.65,Utah,49.0,UT
Utah,Mental Health,Native Am/Alaskan Native,,Utah,49.0,UT
Utah,Mental Health,"White, non-Hispanic",15.333333333333334,Utah,49.0,UT
Utah,Smoking and Alcohol Use,Asian/Pacific Islander,,Utah,49.0,UT
Utah,Smoking and Alcohol Use,"Black, non-Hispanic",,Utah,49.0,UT
Utah,Smoking and Alcohol Use,Hispanic,8.566666666666666,Utah,49.0,UT
Utah,Smoking and Alcohol Use,Native Am/Alaskan Native,,Utah,49.0,UT
Utah,Smoking and Alcohol Use,"White, non-Hispanic",6.1000000000000005,Utah,49.0,UT
Vermont,Caregiving,Asian/Pacific Islander,,Vermont,50.0,VT
Vermont,Caregiving,"Black, non-Hispanic",,Vermont,50.0,VT
Vermont,Caregiving,Hispanic,,Vermont,50.0,VT
Vermont,Caregiving,Native Am/Alaskan Native,,Vermont,50.0,VT
Vermont,Caregiving,"White, non-Hispanic",32.35333333333333,Vermont,50.0,VT
Vermont,Cognitive Decline,Asian/Pacific Islander,,Vermont,50.0,VT
Vermont,Cognitive Decline,"Black, non-Hispanic",,Vermont,50.0,VT
Vermont,Cognitive Decline,Hispanic,,Vermont,50.0,VT
Vermont,Cognitive Decline,Native Am/Alaskan Native,,Vermont,50.0,VT
Vermont,Cognitive Decline,"White, non-Hispanic",28.46666666666667,Vermont,50.0,VT
Vermont,Mental Health,Asian/Pacific Islander,,Vermont,50.0,VT
Vermont,Mental Health,"Black, non-Hispanic",,Vermont,50.0,VT
Vermont,Mental Health,Hispanic,,Vermont,50.0,VT
Vermont,Mental Health,Native Am/Alaskan Native,,Vermont,50.0,VT
Vermont,Mental Health,"White, non-Hispanic",15.583333333333334,Vermont,50.0,VT
Vermont,Smoking and Alcohol Use,Asian/Pacific Islander,,Vermont,50.0,VT
Vermont,Smoking and Alcohol Use,"Black, non-Hispanic",,Vermont,50.0,VT
Vermont,Smoking and Alcohol Use,Hispanic,,Vermont,50.0,VT
Vermont,Smoking and Alcohol Use,Native Am/Alaskan Native,,Vermont,50.0,VT
Vermont,Smoking and Alcohol Use,"White, non-Hispanic",11.5,Vermont,50.0,VT
Virgin Islands,Mental Health,Asian/Pacific Islander,,Virgin Islands,,
Virgin Islands,Mental Health,"Black, non-Hispanic",,Virgin Islands,,
Virgin Islands,Mental Health,Hispanic,,Virgin Islands,,
Virgin Islands,Mental Health,Native Am/Alaskan Native,,Virgin Islands,,
Virgin Islands,Mental Health,"White, non-Hispanic",,Virgin Islands,,
Virgin Islands,Smoking and Alcohol Use,Asian/Pacific Islander,,Virgin Islands,,
Virgin Islands,Smoking and Alcohol Use,"Black, non-Hispanic",,Virgin Islands,,
Virgin Islands,Smoking and Alcohol Use,Hispanic,,Virgin Islands,,
Virgin Islands,Smoking and Alcohol Use,Native Am/Alaskan Native,,Virgin Islands,,
Virgin Islands,Smoking and Alcohol Use,"White, non-Hispanic",,Virgin Islands,,
Virginia,Caregiving,Asian/Pacific Islander,,Virginia,51.0,VA
Virginia,Caregiving,"Black, non-Hispanic",37.580000000000005,Virginia,51.0,VA
Virginia,Caregiving,Hispanic,25.35,Virginia,51.0,VA
Virginia,Caregiving,Native Am/Alaskan Native,,Virginia,51.0,VA
Virginia,Caregiving,"White, non-Hispanic",35.07333333333334,Virginia,51.0,VA
Virginia,Cognitive Decline,Asian/Pacific Islander,,Virginia,51.0,VA
Virginia,Cognitive Decline,"Black, non-Hispanic",27.791666666666668,Virginia,51.0,VA
Virginia,Cognitive Decline,Hispanic,,Virginia,51.0,VA
Virginia,Cognitive Decline,Native Am/Alaskan Native,,Virginia,51.0,VA
Virginia,Cognitive Decline,"White, non-Hispanic",28.55,Virginia,51.0,VA
Virginia,Mental Health,Asian/Pacific Islander,,Virginia,51.0,VA
Virginia,Mental Health,"Black, non-Hispanic",10.15,Virginia,51.0,VA
Virginia,Mental Health,Hispanic,,Virginia,51.0,VA
Virginia,Mental Health,Native Am/Alaskan Native,,Virginia,51.0,VA
Virginia,Mental Health,"White, non-Hispanic",16.099999999999998,Virginia,51.0,VA
Virginia,Smoking and Alcohol Use,Asian/Pacific Islander,,Virginia,51.0,VA
Virginia,Smoking and Alcohol Use,"Black, non-Hispanic",9.866666666666667,Virginia,51.0,VA
Virginia,Smoking and Alcohol Use,Hispanic,,Virginia,51.0,VA
Virginia,Smoking and Alcohol Use,Native Am/Alaskan Native,,Virginia,51.0,VA
Virginia,Smoking and Alcohol Use,"White, non-Hispanic",11.416666666666666,Virginia,51.0,VA
Washington,Caregiving,Asian/Pacific Islander,24.555555555555557,Washington,53.0,WA
Washington,Caregiving,"Black, non-Hispanic",19.075,Washington,53.0,WA
Washington,Caregiving,Hispanic,32.81666666666666,Washington,53.0,WA
Washington,Caregiving,Native Am/Alaskan Native,22.075000000000003,Washington,53.0,WA
Washington,Caregiving,"White, non-Hispanic",34.480000000000004,Washington,53.0,WA
Washington,Cognitive Decline,Asian/Pacific Islander,,Washington,53.0,WA
Washington,Cognitive Decline,"Black, non-Hispanic",13.3,Washington,53.0,WA
Washington,Cognitive Decline,Hispanic,11.2,Washington,53.0,WA
Washington,Cognitive Decline,Native Am/Alaskan Native,,Washington,53.0,WA
Washington,Cognitive Decline,"White, non-Hispanic",28.2,Washington,53.0,WA
Washington,Mental Health,Asian/Pacific Islander,8.8,Washington,53.0,WA
Washington,Mental Health,"Black, non-Hispanic",16.9,Washington,53.0,WA
Washington,Mental Health,Hispanic,14.75,Washington,53.0,WA
Washington,Mental Health,Native Am/Alaskan Native,22.439999999999998,Washington,53.0,WA
Washington,Mental Health,"White, non-Hispanic",16.099999999999998,Washington,53.0,WA
Washington,Smoking and Alcohol Use,Asian/Pacific Islander,5.166666666666667,Washington,53.0,WA
Washington,Smoking and Alcohol Use,"Black, non-Hispanic",11.675,Washington,53.0,WA
Washington,Smoking and Alcohol Use,Hispanic,10.959999999999999,Washington,53.0,WA
Washington,Smoking and Alcohol Use,Native Am/Alaskan Native,26.433333333333334,Washington,53.0,WA
Washington,Smoking and Alcohol Use,"White, non-Hispanic",10.466666666666667,Washington,53.0,WA
West,Caregiving,Asian/Pacific Islander,33.833333333333336,West,,
West,Caregiving,"Black, non-Hispanic",39.79333333333333,West,,
West,Caregiving,Hispanic,33.336666666666666,West,,
West,Caregiving,Native Am/Alaskan Native,34.29333333333333,West,,
West,Caregiving,"White, non-Hispanic",34.10666666666667,West,,
West,Cognitive Decline,Asian/Pacific Islander,22.133333333333336,West,,
West,Cognitive Decline,"Black, non-Hispanic",39.5375,West,,
West,Cognitive Decline,Hispanic,35.275,West,,
West,Cognitive Decline,Native Am/Alaskan Native,37.85,West,,
West,Cognitive Decline,"White, non-Hispanic",27.541666666666668,West,,
West,Mental Health,Asian/Pacific Islander,7.216666666666666,West,,
West,Mental Health,"Black, non-Hispanic",16.900000000000002,West,,
West,Mental Health,Hispanic,13.183333333333332,West,,
West,Mental Health,Native Am/Alaskan Native,17.2,West,,
West,Mental Health,"White, non-Hispanic",15.316666666666668,West,,
West,Smoking and Alcohol Use,Asian/Pacific Islander,7.9,West,,
West,Smoking and Alcohol Use,"Black, non-Hispanic",13.16,West,,
West,Smoking and Alcohol Use,Hispanic,10.533333333333333,West,,
West,Smoking and Alcohol Use,Native Am/Alaskan Native,16.14,West,,
West,Smoking and Alcohol Use,"White, non-Hispanic",10.366666666666667,West,,
West Virginia,Caregiving,Asian/Pacific Islander,,West Virginia,54.0,WV
West Virginia,Caregiving,"Black, non-Hispanic",,West Virginia,54.0,WV
West Virginia,Caregiving,Hispanic,,West Virginia,54.0,WV
West Virginia,Caregiving,Native Am/Alaskan Native,,West Virginia,54.0,WV
West Virginia,Caregiving,"White, non-Hispanic",35.9,West Virginia,54.0,WV
West Virginia,Cognitive Decline,Asian/Pacific Islander,,West Virginia,54.0,WV
West Virginia,Cognitive Decline,"Black, non-Hispanic",,West Virginia,54.0,WV
West Virginia,Cognitive Decline,Hispanic,,West Virginia,54.0,WV
West Virginia,Cognitive Decline,Native Am/Alaskan Native,,West Virginia,54.0,WV
West Virginia,Cognitive Decline,"White, non-Hispanic",35.56666666666667,West Virginia,54.0,WV
West Virginia,Mental Health,Asian/Pacific Islander,,West Virginia,54.0,WV
West Virginia,Mental Health,"Black, non-Hispanic",,West Virginia,54.0,WV
West Virginia,Mental Health,Hispanic,,West Virginia,54.0,WV
West Virginia,Mental Health,Native Am/Alaskan Native,,West Virginia,54.0,WV
West Virginia,Mental Health,"White, non-Hispanic",20.033333333333335,West Virginia,54.0,WV
West Virginia,Smoking and Alcohol Use,Asian/Pacific Islander,,West Virginia,54.0,WV
West Virginia,Smoking and Alcohol Use,"Black, non-Hispanic",,West Virginia,54.0,WV
West Virginia,Smoking and Alcohol Use,Hispanic,,West Virginia,54.0,WV
West Virginia,Smoking and Alcohol Use,Native Am/Alaskan Native,,West Virginia,54.0,WV
West Virginia,Smoking and Alcohol Use,"White, non-Hispanic",13.450000000000001,West Virginia,54.0,WV
Wisconsin,Caregiving,Asian/Pacific Islander,,Wisconsin,55.0,WI
Wisconsin,Caregiving,"Black, non-Hispanic",32.7,Wisconsin,55.0,WI
Wisconsin,Caregiving,Hispanic,20.1,Wisconsin,55.0,WI
Wisconsin,Caregiving,Native Am/Alaskan Native,28.3,Wisconsin,55.0,WI
Wisconsin,Caregiving,"White, non-Hispanic",33.64666666666667,Wisconsin,55.0,WI
Wisconsin,Cognitive Decline,Asian/Pacific Islander,,Wisconsin,55.0,WI
Wisconsin,Cognitive Decline,"Black, non-Hispanic",17.0,Wisconsin,55.0,WI
Wisconsin,Cognitive Decline,Hispanic,,Wisconsin,55.0,WI
Wisconsin,Cognitive Decline,Native Am/Alaskan Native,,Wisconsin,55.0,WI
Wisconsin,Cognitive Decline,"White, non-Hispanic",25.658333333333335,Wisconsin,55.0,WI
Wisconsin,Mental Health,Asian/Pacific Islander,,Wisconsin,55.0,WI
Wisconsin,Mental Health,"Black, non-Hispanic",17.759999999999998,Wisconsin,55.0,WI
Wisconsin,Mental Health,Hispanic,19.26,Wisconsin,55.0,WI
Wisconsin,Mental Health,Native Am/Alaskan Native,,Wisconsin,55.0,WI
Wisconsin,Mental Health,"White, non-Hispanic",13.516666666666666,Wisconsin,55.0,WI
Wisconsin,Smoking and Alcohol Use,Asian/Pacific Islander,,Wisconsin,55.0,WI
Wisconsin,Smoking and Alcohol Use,"Black, non-Hispanic",18.333333333333332,Wisconsin,55.0,WI
Wisconsin,Smoking and Alcohol Use,Hispanic,22.15,Wisconsin,55.0,WI
Wisconsin,Smoking and Alcohol Use,Native Am/Alaskan Native,,Wisconsin,55.0,WI
Wisconsin,Smoking and Alcohol Use,"White, non-Hispanic",12.816666666666668,Wisconsin,55.0,WI
Wyoming,Caregiving,Asian/Pacific Islander,,Wyoming,56.0,WY
Wyoming,Caregiving,"Black, non-Hispanic",,Wyoming,56.0,WY
Wyoming,Caregiving,Hispanic,24.3,Wyoming,56.0,WY
Wyoming,Caregiving,Native Am/Alaskan Native,,Wyoming,56.0,WY
Wyoming,Caregiving,"White, non-Hispanic",30.746666666666666,Wyoming,56.0,WY
Wyoming,Cognitive Decline,Asian/Pacific Islander,,Wyoming,56.0,WY
Wyoming,Cognitive Decline,"Black, non-Hispanic",,Wyoming,56.0,WY
Wyoming,Cognitive Decline,Hispanic,,Wyoming,56.0,WY
Wyoming,Cognitive Decline,Native Am/Alaskan Native,,Wyoming,56.0,WY
Wyoming,Cognitive Decline,"White, non-Hispanic",25.433333333333334,Wyoming,56.0,WY
Wyoming,Mental Health,Asian/Pacific Islander,,Wyoming,56.0,WY
Wyoming,Mental Health,"Black, non-Hispanic",,Wyoming,56.0,WY
Wyoming,Mental Health,Hispanic,,Wyoming,56.0,WY
Wyoming,Mental Health,Native Am/Alaskan Native,,Wyoming,56.0,WY
Wyoming,Mental Health,"White, non-Hispanic",13.933333333333332,Wyoming,56.0,WY
Wyoming,Smoking and Alcohol Use,Asian/Pacific Islander,,Wyoming,56.0,WY
Wyoming,Smoking and Alcohol Use,"Black, non-Hispanic",,Wyoming,56.0,WY
Wyoming,Smoking and Alcohol Use,Hispanic,,Wyoming,56.0,WY
Wyoming,Smoking and Alcohol Use,Native Am/Alaskan Native,,Wyoming,56.0,WY
Wyoming,Smoking and Alcohol Use,"White, non-Hispanic",12.316666666666668,Wyoming,56.0,WY
